# ************************************************************
# Sequel Pro SQL dump
# Version 4541
#
# http://www.sequelpro.com/
# https://github.com/sequelpro/sequelpro
#
# Host: 127.0.0.1 (MySQL 5.7.26)
# Datenbank: lshop
# Erstellt am: 2020-07-12 12:07:13 +0000
# ************************************************************


/*!40101 SET @OLD_CHARACTER_SET_CLIENT=@@CHARACTER_SET_CLIENT */;
/*!40101 SET @OLD_CHARACTER_SET_RESULTS=@@CHARACTER_SET_RESULTS */;
/*!40101 SET @OLD_COLLATION_CONNECTION=@@COLLATION_CONNECTION */;
/*!40101 SET NAMES utf8 */;
/*!40014 SET @OLD_FOREIGN_KEY_CHECKS=@@FOREIGN_KEY_CHECKS, FOREIGN_KEY_CHECKS=0 */;
/*!40101 SET @OLD_SQL_MODE=@@SQL_MODE, SQL_MODE='NO_AUTO_VALUE_ON_ZERO' */;
/*!40111 SET @OLD_SQL_NOTES=@@SQL_NOTES, SQL_NOTES=0 */;


# Export von Tabelle failed_jobs
# ------------------------------------------------------------

DROP TABLE IF EXISTS `failed_jobs`;

CREATE TABLE `failed_jobs` (
  `id` bigint(20) unsigned NOT NULL AUTO_INCREMENT,
  `connection` text COLLATE utf8mb4_unicode_ci NOT NULL,
  `queue` text COLLATE utf8mb4_unicode_ci NOT NULL,
  `payload` longtext COLLATE utf8mb4_unicode_ci NOT NULL,
  `exception` longtext COLLATE utf8mb4_unicode_ci NOT NULL,
  `failed_at` timestamp NOT NULL DEFAULT CURRENT_TIMESTAMP,
  PRIMARY KEY (`id`)
) ENGINE=InnoDB DEFAULT CHARSET=utf8mb4 COLLATE=utf8mb4_unicode_ci;



# Export von Tabelle migrations
# ------------------------------------------------------------

DROP TABLE IF EXISTS `migrations`;

CREATE TABLE `migrations` (
  `id` int(10) unsigned NOT NULL AUTO_INCREMENT,
  `migration` varchar(255) COLLATE utf8mb4_unicode_ci NOT NULL,
  `batch` int(11) NOT NULL,
  PRIMARY KEY (`id`)
) ENGINE=InnoDB DEFAULT CHARSET=utf8mb4 COLLATE=utf8mb4_unicode_ci;

LOCK TABLES `migrations` WRITE;
/*!40000 ALTER TABLE `migrations` DISABLE KEYS */;

INSERT INTO `migrations` (`id`, `migration`, `batch`)
VALUES
	(1,'2014_10_12_000000_create_users_table',1),
	(2,'2014_10_12_100000_create_password_resets_table',1),
	(3,'2019_08_19_000000_create_failed_jobs_table',1),
	(4,'2020_07_10_191246_create_products_table',1),
	(5,'2020_07_10_191321_create_reviews_table',1);

/*!40000 ALTER TABLE `migrations` ENABLE KEYS */;
UNLOCK TABLES;


# Export von Tabelle password_resets
# ------------------------------------------------------------

DROP TABLE IF EXISTS `password_resets`;

CREATE TABLE `password_resets` (
  `email` varchar(255) COLLATE utf8mb4_unicode_ci NOT NULL,
  `token` varchar(255) COLLATE utf8mb4_unicode_ci NOT NULL,
  `created_at` timestamp NULL DEFAULT NULL,
  KEY `password_resets_email_index` (`email`)
) ENGINE=InnoDB DEFAULT CHARSET=utf8mb4 COLLATE=utf8mb4_unicode_ci;



# Export von Tabelle products
# ------------------------------------------------------------

DROP TABLE IF EXISTS `products`;

CREATE TABLE `products` (
  `id` bigint(20) unsigned NOT NULL AUTO_INCREMENT,
  `name` varchar(255) COLLATE utf8mb4_unicode_ci NOT NULL,
  `price` int(11) NOT NULL,
  `detail` text COLLATE utf8mb4_unicode_ci NOT NULL,
  `stock` int(11) NOT NULL,
  `discount` int(11) NOT NULL,
  `created_at` timestamp NULL DEFAULT NULL,
  `updated_at` timestamp NULL DEFAULT NULL,
  PRIMARY KEY (`id`)
) ENGINE=InnoDB DEFAULT CHARSET=utf8mb4 COLLATE=utf8mb4_unicode_ci;

LOCK TABLES `products` WRITE;
/*!40000 ALTER TABLE `products` DISABLE KEYS */;

INSERT INTO `products` (`id`, `name`, `price`, `detail`, `stock`, `discount`, `created_at`, `updated_at`)
VALUES
	(1,'qui',307,'Deserunt eum quidem consequatur voluptas omnis dignissimos assumenda. Vel reiciendis molestiae qui at impedit quo. Voluptatem quaerat doloremque iure quo. Nostrum eos exercitationem possimus occaecati enim non perspiciatis.',5,24,'2020-07-12 12:01:51','2020-07-12 12:01:51'),
	(2,'commodi',137,'Porro iusto asperiores possimus tenetur. Et aperiam cupiditate est consectetur voluptatem doloremque sint. Sunt voluptatem vitae autem soluta.',2,29,'2020-07-12 12:01:51','2020-07-12 12:01:51'),
	(3,'quasi',790,'Ut officia eum nam dolores. Ipsam magnam deleniti quas molestias. Sit eos et cum deleniti quia animi.',1,11,'2020-07-12 12:01:51','2020-07-12 12:01:51'),
	(4,'magnam',604,'Maiores quis quia non possimus eaque. Qui ipsa velit dolorem. Impedit omnis dolores est qui tenetur perspiciatis culpa neque. Unde nisi repellendus dolores et et ea doloribus.',9,24,'2020-07-12 12:01:51','2020-07-12 12:01:51'),
	(5,'praesentium',736,'Nostrum voluptas quo id dolor sed. Consequatur est odit suscipit exercitationem eos earum sed. Deleniti numquam ad quis quam deserunt recusandae doloribus placeat. Vel ipsam rerum at aut repudiandae laudantium sapiente est.',4,20,'2020-07-12 12:01:51','2020-07-12 12:01:51'),
	(6,'aliquam',421,'Dolor illo omnis vel est totam. Ut nemo ut quia velit facere. Qui doloribus repellat velit amet amet. Temporibus qui pariatur qui aut minus id magni sit.',2,26,'2020-07-12 12:01:51','2020-07-12 12:01:51'),
	(7,'tempora',390,'Doloribus quidem explicabo autem rerum quo et aut. Vero ea voluptatibus aut facere quae voluptatum earum. Ratione nobis beatae voluptatem deleniti. Praesentium odit officia ab in dolor aut cumque iste.',3,8,'2020-07-12 12:01:51','2020-07-12 12:01:51'),
	(8,'sapiente',305,'Ut eos rerum temporibus sit laborum maxime. Iusto blanditiis fugiat praesentium aut magni molestias. Aspernatur voluptas quod ipsam repellendus.',7,28,'2020-07-12 12:01:51','2020-07-12 12:01:51'),
	(9,'eligendi',527,'Excepturi hic omnis voluptatem. Et odit esse quae consectetur nobis quas ut laborum. Deserunt vel omnis officia iste. Accusantium odio et sint voluptas.',4,19,'2020-07-12 12:01:51','2020-07-12 12:01:51'),
	(10,'est',557,'Consequatur architecto ullam aut ut. Non ut ut iusto voluptas sint numquam. Consequuntur magnam eos explicabo et reiciendis consectetur.',9,11,'2020-07-12 12:01:51','2020-07-12 12:01:51'),
	(11,'nihil',849,'Numquam facere unde perferendis porro. Vero deleniti esse est ut numquam asperiores. Facilis cupiditate consequatur excepturi qui laborum.',7,6,'2020-07-12 12:01:51','2020-07-12 12:01:51'),
	(12,'reiciendis',196,'Eius corporis voluptatem eveniet cupiditate sapiente. Et cupiditate consectetur rerum omnis eligendi nisi adipisci. Quos inventore quis eos aut optio. Quas voluptatem eos error.',7,13,'2020-07-12 12:01:51','2020-07-12 12:01:51'),
	(13,'aspernatur',497,'Qui rerum exercitationem laboriosam dolores quia molestias autem. Qui hic magnam illo. Possimus quis repudiandae iste est architecto tempora. Eligendi pariatur assumenda error aperiam ut.',0,23,'2020-07-12 12:01:51','2020-07-12 12:01:51'),
	(14,'sequi',996,'Impedit accusamus sint modi maiores minima. Enim quo maiores saepe quis modi rem ipsam. Vero dignissimos natus quas officia omnis.',2,17,'2020-07-12 12:01:51','2020-07-12 12:01:51'),
	(15,'est',116,'Illum provident praesentium voluptatem omnis. Voluptatem consequatur dolore et tempora aut repudiandae. Et et omnis placeat quis voluptatem.',7,25,'2020-07-12 12:01:51','2020-07-12 12:01:51'),
	(16,'dolorem',757,'Delectus perspiciatis laboriosam voluptatibus et quod. Accusantium iste commodi corrupti inventore officiis tenetur placeat repellendus. Quae eum repellendus ullam praesentium alias dolor.',6,3,'2020-07-12 12:01:51','2020-07-12 12:01:51'),
	(17,'quasi',153,'Repellat ipsum et dolorem et. Ratione perspiciatis dolores vitae. Sint voluptas reprehenderit itaque. Molestiae quia veniam inventore amet assumenda. Ducimus facere ullam impedit numquam omnis provident quibusdam.',3,30,'2020-07-12 12:01:51','2020-07-12 12:01:51'),
	(18,'voluptas',258,'Rem deleniti rem qui nisi nobis eos totam. Qui nihil ipsa omnis necessitatibus. Sit voluptas molestias magni voluptas.',9,2,'2020-07-12 12:01:51','2020-07-12 12:01:51'),
	(19,'dignissimos',877,'Beatae quis laboriosam esse voluptas dolore aut et. Quidem recusandae autem repellat accusamus porro. Rem doloremque ipsa animi. Eaque amet sed ratione exercitationem. Nesciunt amet sit impedit fugiat debitis aut iure.',8,16,'2020-07-12 12:01:51','2020-07-12 12:01:51'),
	(20,'non',914,'Soluta commodi quia accusantium sint eum. Tenetur voluptas neque exercitationem temporibus alias soluta. Excepturi sed quia ut delectus dolorem eos autem et. Consequuntur ut cupiditate quae reiciendis tempore.',9,22,'2020-07-12 12:01:51','2020-07-12 12:01:51'),
	(21,'assumenda',596,'Ipsa aut quaerat corrupti non quia incidunt officiis. Sint recusandae assumenda cupiditate quam tempore ut aperiam nesciunt. Porro et sit consequatur distinctio possimus.',6,8,'2020-07-12 12:01:51','2020-07-12 12:01:51'),
	(22,'maiores',105,'Et architecto aspernatur enim aut ab. Suscipit et sit nam ut. Aliquam ex qui earum est. Ullam consequatur eum in eveniet cum aut sit.',1,3,'2020-07-12 12:01:51','2020-07-12 12:01:51'),
	(23,'ducimus',402,'In hic autem iure saepe aut. Sit laborum ipsum doloremque est. Expedita vel qui et aut quis.',0,18,'2020-07-12 12:01:51','2020-07-12 12:01:51'),
	(24,'officiis',281,'Voluptas fuga quia quae adipisci suscipit mollitia adipisci nostrum. Modi molestiae earum sit aut.',7,16,'2020-07-12 12:01:51','2020-07-12 12:01:51'),
	(25,'a',420,'Est repudiandae exercitationem rem nihil enim. Sunt voluptas dolor nihil quo consequatur iure. Nostrum animi saepe quas.',7,26,'2020-07-12 12:01:51','2020-07-12 12:01:51'),
	(26,'natus',508,'Voluptatem hic tempore eius deleniti. Vel ut cupiditate aut. Laborum culpa veniam qui et.',0,30,'2020-07-12 12:01:51','2020-07-12 12:01:51'),
	(27,'velit',756,'Quo aut corporis voluptas voluptatum commodi nihil exercitationem. Possimus autem sit voluptatem quam rem et totam reiciendis. Dolorum minus eos nemo illo ea eum corporis ab. Nostrum iste omnis ex.',1,20,'2020-07-12 12:01:51','2020-07-12 12:01:51'),
	(28,'aut',870,'Nihil ullam ratione sapiente iusto. Et et consequatur ipsam voluptatem. Nulla quaerat quasi officia nulla minus veritatis aut. Officiis molestiae corrupti dolores aut.',7,26,'2020-07-12 12:01:51','2020-07-12 12:01:51'),
	(29,'neque',671,'Et debitis ex voluptatem est quisquam. Et quibusdam ex architecto laboriosam quasi. Est hic consequatur alias consectetur sed.',4,19,'2020-07-12 12:01:51','2020-07-12 12:01:51'),
	(30,'et',713,'Repellendus velit iusto sunt. Voluptatibus voluptatum quasi accusantium sunt optio. Illo perferendis dolore sunt.',5,24,'2020-07-12 12:01:51','2020-07-12 12:01:51'),
	(31,'eligendi',750,'Earum exercitationem et assumenda asperiores aperiam. Aliquid sit voluptate dolorum in. Explicabo nesciunt placeat quaerat iure et nam. Quibusdam minus et dolor sit id voluptas fugiat. Delectus at inventore inventore sunt quia.',6,18,'2020-07-12 12:01:51','2020-07-12 12:01:51'),
	(32,'iste',572,'Velit molestiae nulla blanditiis minima distinctio officiis. Eligendi vel autem odit culpa natus possimus odit nihil. Nemo illo ut ea delectus.',6,22,'2020-07-12 12:01:51','2020-07-12 12:01:51'),
	(33,'nam',231,'Voluptate iste quidem corrupti corporis. Amet voluptates enim non ab. Sequi ut autem voluptatibus sed.',1,12,'2020-07-12 12:01:51','2020-07-12 12:01:51'),
	(34,'officiis',615,'Sit est eos sunt ut. Eum ut impedit voluptatem eligendi doloribus. Eaque fugit itaque ut deserunt officiis consequuntur.',9,8,'2020-07-12 12:01:51','2020-07-12 12:01:51'),
	(35,'dolor',199,'Distinctio voluptatibus est eos odit. Dolorem sunt corrupti impedit. Voluptas ullam autem architecto adipisci est. Vel voluptatem voluptas quia non eligendi reiciendis.',2,15,'2020-07-12 12:01:51','2020-07-12 12:01:51'),
	(36,'animi',389,'Sed recusandae earum dolores illum laboriosam. Ut praesentium et repellat voluptas dignissimos rem minus. Illum distinctio laboriosam et ut qui unde nihil. Cum et optio est commodi. Voluptate porro velit non sint.',2,17,'2020-07-12 12:01:51','2020-07-12 12:01:51'),
	(37,'sed',487,'Dolor rerum minus voluptates numquam et earum est. Sint voluptatem est cumque expedita ut ea molestiae. Ad amet veritatis quas suscipit repellat et ut.',3,6,'2020-07-12 12:01:51','2020-07-12 12:01:51'),
	(38,'aut',309,'Fugiat hic quaerat quia perspiciatis et ullam qui. Et fugiat eveniet qui modi nemo exercitationem. Dolor alias reprehenderit iste nobis sunt. Ut aut voluptas optio eum vitae velit ipsam.',0,29,'2020-07-12 12:01:51','2020-07-12 12:01:51'),
	(39,'consequatur',352,'Consectetur veritatis pariatur facilis excepturi nemo. Non veritatis libero et facilis. Voluptas ratione et et est ut cumque maxime.',5,20,'2020-07-12 12:01:51','2020-07-12 12:01:51'),
	(40,'non',792,'Aliquid quis aperiam veniam iusto. Rerum aut velit molestiae occaecati. Autem vero quidem aut minus ipsa incidunt. Earum culpa ipsum voluptas nemo iure.',6,11,'2020-07-12 12:01:51','2020-07-12 12:01:51'),
	(41,'explicabo',806,'Veniam explicabo quis quo aut. Et voluptatibus qui animi nulla sapiente officiis dolores. Ratione sit et unde ratione molestiae magni. Qui reprehenderit impedit quasi nesciunt et.',0,26,'2020-07-12 12:01:51','2020-07-12 12:01:51'),
	(42,'beatae',668,'Ipsum doloremque saepe adipisci mollitia blanditiis cupiditate. Natus quos autem sint et. Cupiditate voluptatem modi consequuntur amet magni et.',7,23,'2020-07-12 12:01:51','2020-07-12 12:01:51'),
	(43,'sapiente',482,'Dolorum perspiciatis placeat ut a exercitationem. Sed eum quia sapiente consequatur rem nostrum. Ut quia quia molestiae ut error. Adipisci iste est nesciunt aut nesciunt.',2,17,'2020-07-12 12:01:51','2020-07-12 12:01:51'),
	(44,'assumenda',951,'Quas nemo reiciendis vel libero quam maxime temporibus. Et alias quia unde at amet in. Molestiae eius totam eos in est.',9,19,'2020-07-12 12:01:51','2020-07-12 12:01:51'),
	(45,'autem',298,'Minus doloremque libero ad vel dolorem. Nostrum omnis consequuntur quae neque ipsam. Quia tenetur est libero fugit.',8,21,'2020-07-12 12:01:51','2020-07-12 12:01:51'),
	(46,'recusandae',214,'Iure quo velit est facilis porro optio dicta dicta. Et iste ut non ut repellat eum. Sed et quam vel deserunt aliquid aut fugiat.',5,7,'2020-07-12 12:01:51','2020-07-12 12:01:51'),
	(47,'iste',365,'Quia repellendus a illo magni temporibus cumque et. Ipsa quia consectetur provident nobis officiis nemo. Quisquam animi recusandae est nihil commodi incidunt.',2,30,'2020-07-12 12:01:51','2020-07-12 12:01:51'),
	(48,'delectus',342,'Modi voluptas recusandae facere quam ut non ducimus. Incidunt nobis esse qui ut ut debitis. Enim velit ut ducimus et repudiandae est.',4,10,'2020-07-12 12:01:51','2020-07-12 12:01:51'),
	(49,'blanditiis',380,'Nihil consequatur quos earum debitis sunt ut. Consequatur magnam unde sunt debitis. Ducimus sit excepturi qui culpa.',8,7,'2020-07-12 12:01:51','2020-07-12 12:01:51'),
	(50,'earum',828,'Eligendi quia voluptas dolore impedit non culpa consequatur. Quia repellat incidunt qui et. Qui aut voluptas illo nobis et.',1,11,'2020-07-12 12:01:51','2020-07-12 12:01:51');

/*!40000 ALTER TABLE `products` ENABLE KEYS */;
UNLOCK TABLES;


# Export von Tabelle reviews
# ------------------------------------------------------------

DROP TABLE IF EXISTS `reviews`;

CREATE TABLE `reviews` (
  `id` bigint(20) unsigned NOT NULL AUTO_INCREMENT,
  `product_id` bigint(20) unsigned NOT NULL,
  `customer` varchar(255) COLLATE utf8mb4_unicode_ci NOT NULL,
  `review` text COLLATE utf8mb4_unicode_ci NOT NULL,
  `star` int(11) NOT NULL,
  `created_at` timestamp NULL DEFAULT NULL,
  `updated_at` timestamp NULL DEFAULT NULL,
  PRIMARY KEY (`id`),
  KEY `reviews_product_id_foreign` (`product_id`),
  CONSTRAINT `reviews_product_id_foreign` FOREIGN KEY (`product_id`) REFERENCES `products` (`id`) ON DELETE CASCADE
) ENGINE=InnoDB DEFAULT CHARSET=utf8mb4 COLLATE=utf8mb4_unicode_ci;

LOCK TABLES `reviews` WRITE;
/*!40000 ALTER TABLE `reviews` DISABLE KEYS */;

INSERT INTO `reviews` (`id`, `product_id`, `customer`, `review`, `star`, `created_at`, `updated_at`)
VALUES
	(1,18,'Aliya Schmitt','Modi laboriosam sed nihil voluptatem aut id. Quod aperiam placeat optio aperiam aliquid perspiciatis. Quidem quaerat dolore et sit. Qui aut corrupti qui est rerum. Provident quidem autem aut deleniti omnis non magnam quo.',1,'2020-07-12 12:01:52','2020-07-12 12:01:52'),
	(2,31,'Theresia Bruen','Sit ut provident quo vel maiores nisi nostrum sequi. Deserunt nam et et maiores voluptatem quod quo. Est iste labore voluptatem qui repellendus quos libero. Non laudantium perferendis harum excepturi quidem modi.',3,'2020-07-12 12:01:52','2020-07-12 12:01:52'),
	(3,44,'Dr. Cristian Gerhold IV','Aliquam itaque delectus inventore similique eum. Doloremque dolor et reiciendis velit consequatur numquam occaecati et.',2,'2020-07-12 12:01:52','2020-07-12 12:01:52'),
	(4,17,'Cristian Mosciski','Recusandae repellat et ea quam eaque. Veritatis quod modi molestiae fuga inventore quo. Quo iste est eum ea repudiandae. Odio id facilis et modi nesciunt vel tempore neque.',2,'2020-07-12 12:01:52','2020-07-12 12:01:52'),
	(5,20,'Kasey Littel Sr.','Et omnis aperiam asperiores dolorem. Aspernatur voluptates id et ad velit nemo officia. Et voluptates fugit sequi nostrum beatae necessitatibus vero. Cumque non a illum sunt. Aut sint ut doloremque.',3,'2020-07-12 12:01:52','2020-07-12 12:01:52'),
	(6,38,'Novella Treutel','Qui quis modi laboriosam ea necessitatibus. Saepe sed quisquam vel et quam. Sit repellendus non iste laboriosam asperiores.',1,'2020-07-12 12:01:52','2020-07-12 12:01:52'),
	(7,12,'Mrs. Leila Becker DVM','Ut et aliquid dolores quam aut. Voluptatum quaerat et perferendis eveniet temporibus ut quidem. Sit eveniet dolorem est. Perspiciatis omnis facere ad doloribus voluptatem sed eum.',5,'2020-07-12 12:01:52','2020-07-12 12:01:52'),
	(8,8,'Ms. Laurie Sipes II','Omnis corporis qui corporis odio laborum sint amet nisi. Vitae veniam commodi libero ut odit ut aut.',3,'2020-07-12 12:01:52','2020-07-12 12:01:52'),
	(9,48,'Dr. Wilma Weissnat I','Rem iste atque consectetur illum at qui earum nulla. Dolor dolorum culpa cupiditate quidem. Aut quibusdam dicta est minima voluptates quo fuga.',1,'2020-07-12 12:01:52','2020-07-12 12:01:52'),
	(10,32,'Prof. Arlo Haley','Velit ut est consequatur perspiciatis eaque. Veritatis nihil possimus ducimus qui et minima aut quia. Totam sunt repudiandae voluptatum dignissimos sint rerum velit sed.',3,'2020-07-12 12:01:52','2020-07-12 12:01:52'),
	(11,25,'Prof. Torrey Schiller','Quia architecto impedit itaque rerum suscipit eaque non. Voluptate animi explicabo nisi labore cumque. Fugiat odio et ut vel magni.',2,'2020-07-12 12:01:52','2020-07-12 12:01:52'),
	(12,9,'Genevieve Huels II','Voluptatem magnam consequuntur numquam ullam sit deserunt asperiores. Expedita laboriosam reprehenderit excepturi tenetur. Voluptatem quas est reprehenderit quis odit necessitatibus.',3,'2020-07-12 12:01:52','2020-07-12 12:01:52'),
	(13,12,'Daron Marks','Numquam voluptatibus facere nemo expedita neque. Occaecati ut nihil rerum soluta. Unde voluptatem esse fugiat dignissimos ratione.',2,'2020-07-12 12:01:52','2020-07-12 12:01:52'),
	(14,30,'Cassie Feeney','Corrupti optio aut quis aut iusto. Tenetur dicta sunt quia voluptates rerum ut quisquam. Et laborum et ut cupiditate id sapiente omnis ut.',4,'2020-07-12 12:01:52','2020-07-12 12:01:52'),
	(15,3,'Evelyn Howell','Facilis qui assumenda est id et. Vel quos aspernatur laborum expedita aliquam dolore. Veniam non maiores illo et officiis odio eum.',1,'2020-07-12 12:01:52','2020-07-12 12:01:52'),
	(16,31,'Prof. Buster Eichmann DDS','Dolorem iure vel sit qui. Earum quia ipsa doloribus unde eos. Dolorem quis voluptas nesciunt quam vel quod. Nisi beatae quaerat aperiam deserunt.',5,'2020-07-12 12:01:52','2020-07-12 12:01:52'),
	(17,37,'Marjory Schultz DVM','Ut molestiae consequatur facere occaecati. Et enim quaerat inventore est debitis. Excepturi voluptatem sit cum accusantium nostrum. Asperiores in necessitatibus qui commodi excepturi totam.',3,'2020-07-12 12:01:52','2020-07-12 12:01:52'),
	(18,2,'Florencio Okuneva','Dolorum quis debitis adipisci ex odio voluptatem. Dolorem eum aut sed quisquam. Dolorem corrupti autem velit tempore perferendis ut mollitia.',2,'2020-07-12 12:01:52','2020-07-12 12:01:52'),
	(19,41,'Joesph Frami DVM','Architecto et sit numquam culpa vel eos. In esse et unde eius harum magni ea. Dolor soluta consequatur adipisci voluptas dolor repellat. Quibusdam laborum eos molestias porro.',4,'2020-07-12 12:01:52','2020-07-12 12:01:52'),
	(20,9,'Destiny Kris','Qui et et consequatur iusto dolor dolorem. Suscipit commodi sequi repellendus assumenda qui. Molestiae est aperiam hic eligendi.',2,'2020-07-12 12:01:52','2020-07-12 12:01:52'),
	(21,28,'Rosario Rath','Sunt quae voluptatem sequi debitis praesentium quo. Ut recusandae ut ipsum cumque quia iste dolorum. Repellendus doloremque placeat voluptatum ratione. Omnis et aliquam odit blanditiis cupiditate facere.',1,'2020-07-12 12:01:52','2020-07-12 12:01:52'),
	(22,49,'Eddie Zemlak','Sed laborum ut molestiae sint corporis nesciunt debitis. Itaque qui est quia ut ut. Eveniet quo velit similique impedit.',4,'2020-07-12 12:01:52','2020-07-12 12:01:52'),
	(23,7,'Hailie Predovic','Voluptatem nam reiciendis harum sunt. Facilis aut debitis perferendis suscipit. Vel ut sed voluptatem sunt. Ratione sed ut unde eveniet sit veritatis.',3,'2020-07-12 12:01:52','2020-07-12 12:01:52'),
	(24,39,'Prof. Joanny Raynor Sr.','Ducimus id rerum sed expedita quaerat. Harum nihil nulla eveniet repellat voluptatibus. Facere sunt quis doloribus fuga vitae recusandae voluptate. Voluptate nulla eum qui occaecati at.',2,'2020-07-12 12:01:52','2020-07-12 12:01:52'),
	(25,11,'Humberto Wilkinson','Fugiat consequuntur ut velit veniam porro iure neque. Aspernatur eum ipsa asperiores excepturi eveniet corrupti dolor. Omnis ab nihil in. Similique veritatis perferendis ab cumque placeat laboriosam nesciunt. Quibusdam sed facilis ut autem explicabo esse quo natus.',3,'2020-07-12 12:01:52','2020-07-12 12:01:52'),
	(26,9,'Nestor Gusikowski','Nulla eum dignissimos debitis tempora omnis. Voluptas illo aspernatur expedita impedit neque et vero. Eius voluptates tenetur eum. Optio in doloremque harum fugiat suscipit exercitationem laborum.',1,'2020-07-12 12:01:52','2020-07-12 12:01:52'),
	(27,15,'Ms. Magali Prohaska I','Ab animi magni voluptatem et. Officiis totam molestiae et incidunt. Quisquam fuga repudiandae fugit non alias sed quas.',5,'2020-07-12 12:01:52','2020-07-12 12:01:52'),
	(28,26,'Maeve Koelpin','Est ex at sed. Ullam optio et laudantium velit ducimus totam. Exercitationem facere sunt aliquid harum quos ea minus. Ut at qui temporibus harum.',5,'2020-07-12 12:01:52','2020-07-12 12:01:52'),
	(29,8,'Cortney Hauck','Est aspernatur officia cupiditate minus veritatis omnis. Debitis neque voluptatem harum illum placeat. Ut ipsam maxime tempore provident voluptas atque et. Ea sunt optio est.',4,'2020-07-12 12:01:52','2020-07-12 12:01:52'),
	(30,14,'Barney Rippin','Exercitationem aliquam delectus tenetur et in. Ullam repellat voluptatem doloremque et sunt magni voluptatem. Necessitatibus omnis temporibus expedita. Eveniet dicta dolorum dignissimos iure non nihil. Unde et odit repudiandae.',4,'2020-07-12 12:01:52','2020-07-12 12:01:52'),
	(31,8,'Mr. Jettie Goldner DVM','Aspernatur ducimus sunt iusto illum fuga optio incidunt. Magni cumque suscipit recusandae et.',1,'2020-07-12 12:01:52','2020-07-12 12:01:52'),
	(32,45,'Mrs. Magdalen Sanford','Ratione numquam sequi et rerum. Est reprehenderit modi rem.',2,'2020-07-12 12:01:52','2020-07-12 12:01:52'),
	(33,5,'Salvador Quitzon','Eaque aliquam veniam soluta quibusdam aut ratione. Ullam rerum non nesciunt voluptatem. Vel non dolorem quae doloremque.',3,'2020-07-12 12:01:52','2020-07-12 12:01:52'),
	(34,28,'Dameon Roberts DDS','Sequi atque numquam excepturi. Assumenda eum sequi dolor qui.',3,'2020-07-12 12:01:52','2020-07-12 12:01:52'),
	(35,6,'Jorge O\'Hara','Suscipit qui ut impedit. Dolorum velit alias et veniam ea consequatur optio itaque. Dolorem omnis rerum debitis dolore aut fuga beatae. Quis porro officiis odio quia.',4,'2020-07-12 12:01:52','2020-07-12 12:01:52'),
	(36,27,'Ms. Mercedes Robel','Et quo fugiat voluptas ducimus. Velit sequi consequatur voluptatibus error natus eos qui. Suscipit ea dicta quae in vero voluptas enim facilis.',5,'2020-07-12 12:01:52','2020-07-12 12:01:52'),
	(37,14,'Prof. Adolf O\'Hara','Quam quia atque esse. Impedit nisi et sed. Molestiae earum id sed et est vel cupiditate distinctio.',3,'2020-07-12 12:01:52','2020-07-12 12:01:52'),
	(38,32,'Miss Alda McClure','Omnis doloribus ab dolorum vel cupiditate libero quia assumenda. Eaque est consectetur odit dolor ut aut nobis.',3,'2020-07-12 12:01:52','2020-07-12 12:01:52'),
	(39,30,'Rickey Grady','Necessitatibus mollitia consequuntur quos facere est eligendi. Sequi necessitatibus voluptatibus molestiae quae expedita adipisci perferendis. Consectetur enim adipisci ex nobis fugit veritatis. Temporibus ratione asperiores provident et sunt sit animi.',1,'2020-07-12 12:01:52','2020-07-12 12:01:52'),
	(40,20,'Grady Runolfsson','Rerum optio praesentium qui odit et et itaque. Sint dolor exercitationem qui non quo id. Velit provident blanditiis iure animi rerum. Ex id aut autem voluptatem.',5,'2020-07-12 12:01:52','2020-07-12 12:01:52'),
	(41,34,'Ms. Cheyenne Satterfield III','Tenetur at facilis ducimus quos sint maiores. In rerum doloremque voluptate voluptatem voluptatum omnis sed. Veniam qui labore officia et ut. Perferendis corrupti corporis qui doloribus omnis.',5,'2020-07-12 12:01:52','2020-07-12 12:01:52'),
	(42,22,'Holden Stracke','Quia ad ut incidunt tempora ducimus et. Ea a velit maiores accusantium. Et facere neque aut omnis id exercitationem consequuntur. Architecto impedit enim nihil maxime perferendis. Temporibus ad modi et provident vel quia et.',2,'2020-07-12 12:01:52','2020-07-12 12:01:52'),
	(43,5,'Caitlyn Harber','Ratione laborum molestiae iusto illo. Aut non nobis aut aliquid.',4,'2020-07-12 12:01:52','2020-07-12 12:01:52'),
	(44,20,'Miss Zoila Larson MD','Quisquam dolores ab enim reprehenderit. Omnis quo aut sint sequi aliquam illum quae. Eos praesentium nesciunt ducimus qui sed. Amet fugiat at aut.',3,'2020-07-12 12:01:52','2020-07-12 12:01:52'),
	(45,40,'Corrine Reynolds','Rerum recusandae perferendis temporibus enim. Alias officia assumenda iure.',3,'2020-07-12 12:01:52','2020-07-12 12:01:52'),
	(46,12,'Florence Pfeffer','Qui quisquam quo repellendus quis blanditiis qui magni. Dolorem molestias voluptatem laboriosam quo sint voluptas nihil. Facere dolores aperiam aliquid deserunt provident omnis beatae. Iure fugiat voluptatem suscipit odit et.',3,'2020-07-12 12:01:52','2020-07-12 12:01:52'),
	(47,11,'Clifford Thiel','Ullam laborum pariatur facere ea et accusamus illum. Quia veniam suscipit maiores. Illo in quia molestiae qui.',1,'2020-07-12 12:01:52','2020-07-12 12:01:52'),
	(48,6,'Samara Goyette Sr.','Perferendis id iure quae adipisci a explicabo. Ut animi optio ut. Laboriosam rerum est a aperiam. Quia laboriosam libero quas totam et. Eos quis ullam iure culpa quis molestias esse excepturi.',1,'2020-07-12 12:01:52','2020-07-12 12:01:52'),
	(49,44,'Prof. Juwan Gibson Sr.','Labore ipsam non est a commodi. Atque fugiat a ab quis autem vitae quod consequatur. Voluptatem aliquam non asperiores nihil ut fugit aut porro. Expedita saepe voluptates molestiae similique.',1,'2020-07-12 12:01:52','2020-07-12 12:01:52'),
	(50,19,'Mr. Keshawn Harris DVM','Quod sed sapiente velit eos quis fuga vel. Aperiam ut id necessitatibus expedita. Non magnam nisi omnis ratione quae perferendis perspiciatis nihil.',2,'2020-07-12 12:01:52','2020-07-12 12:01:52'),
	(51,34,'Muriel Doyle','Expedita sunt odio est odio. Numquam quidem et maxime ipsa sed. Aperiam qui illo est rerum.',5,'2020-07-12 12:01:52','2020-07-12 12:01:52'),
	(52,49,'Josefa Gorczany','Quo omnis consequatur molestiae fugit quasi esse consequuntur. At quam consectetur quaerat voluptatem. Aut quam voluptas ipsa corporis. Voluptate nulla sit id officia adipisci animi.',3,'2020-07-12 12:01:52','2020-07-12 12:01:52'),
	(53,36,'Dr. Gilbert McLaughlin','Est ea hic excepturi consequatur qui aut. Quia eum fuga minima. Doloremque quia quasi ea corrupti. Voluptatem tempore officia odio et eaque velit occaecati.',5,'2020-07-12 12:01:52','2020-07-12 12:01:52'),
	(54,24,'Tyrese Raynor','Repellat est facilis ab placeat. Consequuntur voluptatem labore ad voluptatem enim.',1,'2020-07-12 12:01:52','2020-07-12 12:01:52'),
	(55,20,'Dr. Enoch Larkin','Magnam qui adipisci eum voluptate quae quia provident. Qui deleniti aut et vel quia. Iste voluptas ut et. Sed ut in et. Qui alias velit aut aut nesciunt asperiores rerum.',2,'2020-07-12 12:01:52','2020-07-12 12:01:52'),
	(56,7,'Katlynn Nienow IV','Dicta repudiandae sunt non consequatur sit voluptatibus molestiae quos. Quisquam sed corrupti enim eius. Aut et reprehenderit animi voluptatem magnam voluptatum eligendi.',5,'2020-07-12 12:01:52','2020-07-12 12:01:52'),
	(57,46,'Mr. Ned Rohan V','Expedita odit voluptatem voluptas animi. Exercitationem veritatis optio voluptatem et voluptate sit impedit. Dolores molestias aliquam dolorum voluptatum inventore voluptatem. Repellat est sit laboriosam veniam ipsam tempore.',4,'2020-07-12 12:01:52','2020-07-12 12:01:52'),
	(58,40,'Kody Simonis','Et ut commodi sunt blanditiis doloremque placeat. Vel et aperiam voluptatum repudiandae aliquid corporis. Nemo eius omnis nulla distinctio ratione. Molestiae odio voluptate reprehenderit totam laudantium quidem ut.',4,'2020-07-12 12:01:52','2020-07-12 12:01:52'),
	(59,34,'Dr. Zechariah Veum IV','Iusto quas totam sapiente omnis quam inventore. Sed nisi velit rerum harum tempora dignissimos ut culpa. Quisquam illo commodi nam. Eveniet accusamus ab laborum qui minus.',2,'2020-07-12 12:01:52','2020-07-12 12:01:52'),
	(60,41,'Dr. Jordon Bogisich V','Et placeat numquam nulla nostrum rerum voluptatem consectetur. Magni id quidem optio qui totam quod nesciunt. Perspiciatis labore consectetur quisquam cumque.',3,'2020-07-12 12:01:52','2020-07-12 12:01:52'),
	(61,48,'Prof. Walker Fahey III','Est rerum et quasi asperiores quis nulla quia. Modi et dolores repudiandae tenetur aspernatur expedita dolores. Repellendus dolorem dolorum qui repellat modi. Aliquid aspernatur nesciunt eos.',1,'2020-07-12 12:01:52','2020-07-12 12:01:52'),
	(62,33,'Cristina Treutel MD','Aperiam quos eius molestias adipisci voluptas voluptas officiis. Qui fugiat nihil possimus error corrupti tempora. Et blanditiis ex expedita rerum enim. Expedita distinctio suscipit tempore est.',4,'2020-07-12 12:01:52','2020-07-12 12:01:52'),
	(63,3,'Vivienne Boyle I','Explicabo asperiores quibusdam quia vel perferendis sunt ea. Et voluptas corporis rerum necessitatibus placeat. Est incidunt iste nemo consequatur fuga ut iusto aut.',3,'2020-07-12 12:01:52','2020-07-12 12:01:52'),
	(64,33,'Jaquelin Douglas','Ut ab consequatur quam culpa illum. Ipsum sint aut repudiandae voluptates. Et est cum atque incidunt at voluptatem doloribus et.',1,'2020-07-12 12:01:52','2020-07-12 12:01:52'),
	(65,18,'Dr. Adam Feil','Quos quia quaerat non tempore. Omnis ab sit numquam. Amet ut non consequatur unde ut aut.',2,'2020-07-12 12:01:52','2020-07-12 12:01:52'),
	(66,16,'Vida Langosh','Nesciunt quidem exercitationem corrupti iure sequi sint minima nihil. Minima et eveniet non architecto. Est quibusdam omnis in. Necessitatibus molestiae provident necessitatibus vero.',2,'2020-07-12 12:01:52','2020-07-12 12:01:52'),
	(67,39,'Finn Zemlak','Et magni delectus voluptatem odio ullam ut possimus illum. Cumque velit incidunt eveniet et laudantium animi. Modi dolorem ut doloremque dolores sed voluptates minima. Earum odio alias molestiae excepturi sunt.',2,'2020-07-12 12:01:52','2020-07-12 12:01:52'),
	(68,24,'Antonette Braun IV','Corrupti doloremque minus eligendi. Commodi tempora amet nam qui. Velit architecto eum corporis aliquid non magnam eveniet.',2,'2020-07-12 12:01:52','2020-07-12 12:01:52'),
	(69,44,'Prof. Tobin Jast','Architecto dolorum minima dolores. Ducimus nulla molestias provident dignissimos possimus dicta eum.',1,'2020-07-12 12:01:52','2020-07-12 12:01:52'),
	(70,47,'Mavis Mann','Itaque mollitia numquam laudantium sunt beatae quis et molestiae. Consequatur voluptatum dolor est quis.',4,'2020-07-12 12:01:52','2020-07-12 12:01:52'),
	(71,17,'Ms. Roxanne Wisozk','Ab aut non quas voluptatem quas qui. Nisi ducimus labore vel nulla minus. Alias enim libero laboriosam possimus.',3,'2020-07-12 12:01:52','2020-07-12 12:01:52'),
	(72,45,'Omari Reichel','Quos inventore eveniet inventore recusandae iste dolorem. Provident et at eligendi aut omnis nihil cumque. Est quaerat esse repellendus laborum. Delectus voluptatum qui corrupti culpa quam.',4,'2020-07-12 12:01:52','2020-07-12 12:01:52'),
	(73,20,'Hattie Graham DVM','Sit nihil aut dolor sunt. Harum debitis corporis eius temporibus nisi. Veniam quaerat commodi mollitia assumenda. Reprehenderit fuga et ullam molestias accusamus excepturi ut. Doloribus minus minima veritatis rerum fugit asperiores.',3,'2020-07-12 12:01:52','2020-07-12 12:01:52'),
	(74,26,'Dr. Muhammad Parker','Voluptatem nemo explicabo cum eum quia. Ipsam sunt perspiciatis molestiae debitis quo. Reiciendis voluptatum repudiandae sapiente.',5,'2020-07-12 12:01:52','2020-07-12 12:01:52'),
	(75,6,'Alivia Cormier','Rerum non voluptates quae molestias dicta earum quibusdam. Reiciendis voluptatem error sunt facilis. Velit nam est dolorem.',1,'2020-07-12 12:01:52','2020-07-12 12:01:52'),
	(76,28,'Dr. Ally Kihn','Sequi quaerat ad alias temporibus alias id voluptates. Magni laudantium quo nisi quas est. Aliquam iure quis aliquid incidunt. Sed corrupti nesciunt vero blanditiis quia.',1,'2020-07-12 12:01:52','2020-07-12 12:01:52'),
	(77,13,'Mrs. Jermaine Marquardt','Ex similique quos tenetur eum. Eum a sed soluta adipisci necessitatibus. Est laborum veniam aut in dicta id.',2,'2020-07-12 12:01:52','2020-07-12 12:01:52'),
	(78,24,'Kelton Dach','Rem sunt sunt et saepe asperiores corporis aut. Iusto cum dolore aut quaerat facilis. Cum eius suscipit rerum reiciendis. Vitae ratione qui sunt nisi aliquam dolorum.',3,'2020-07-12 12:01:52','2020-07-12 12:01:52'),
	(79,1,'Winston Graham','Occaecati quidem ipsam aliquam itaque eum quasi saepe quam. Expedita ullam voluptate temporibus omnis. Tenetur perspiciatis consectetur distinctio perspiciatis doloremque.',4,'2020-07-12 12:01:52','2020-07-12 12:01:52'),
	(80,36,'Alayna Runolfsson','Iure ut ex at autem fugit dignissimos placeat. Et et ea asperiores omnis omnis. Voluptates rerum animi iusto fuga asperiores voluptatem dolorem et.',4,'2020-07-12 12:01:52','2020-07-12 12:01:52'),
	(81,20,'Brant Kohler','Qui et reiciendis provident nam qui qui. Et inventore doloremque illo exercitationem. Culpa dolor ut unde asperiores. Voluptatem in sed occaecati nihil. Consequatur voluptatum dolore qui ut.',1,'2020-07-12 12:01:52','2020-07-12 12:01:52'),
	(82,5,'Isaias Becker Jr.','Ut nam accusamus in. Debitis dolorem ut voluptas omnis. Tempora nihil eum praesentium quibusdam sit et. Quod laudantium blanditiis hic ratione.',4,'2020-07-12 12:01:52','2020-07-12 12:01:52'),
	(83,35,'Winifred Predovic','Laborum animi nisi et nisi sint quasi. Vitae voluptas omnis laudantium reprehenderit.',1,'2020-07-12 12:01:52','2020-07-12 12:01:52'),
	(84,5,'Easton Beahan','Rerum cum vitae et perferendis est quas et omnis. Qui dolor cumque et quasi sint. Distinctio nobis voluptas ipsam similique iure ratione debitis.',5,'2020-07-12 12:01:52','2020-07-12 12:01:52'),
	(85,15,'Dr. Corrine Cormier IV','Ut eum magni ipsam ut et. Cum voluptatem praesentium rem tenetur optio rerum incidunt. Ut optio deleniti sint culpa aut iusto qui. Et animi eius ea sed.',4,'2020-07-12 12:01:52','2020-07-12 12:01:52'),
	(86,20,'Jany Bruen IV','Consectetur esse dolorem veniam impedit dolor. Necessitatibus et iste ipsa accusantium magni.',4,'2020-07-12 12:01:52','2020-07-12 12:01:52'),
	(87,36,'Jalen Windler','Maiores ut perspiciatis deserunt dolore. Libero eum omnis iusto non et quia praesentium. Nam velit alias voluptatem ab quae.',4,'2020-07-12 12:01:52','2020-07-12 12:01:52'),
	(88,8,'Prof. Emiliano Schuster V','Et quod dolore eos sunt nobis expedita. Sit modi sed et qui magnam hic qui. Est nihil vero recusandae quia atque voluptatibus eos.',4,'2020-07-12 12:01:52','2020-07-12 12:01:52'),
	(89,20,'Mrs. Melisa Walker DVM','Magni nemo omnis ipsa voluptas sed. Optio qui velit est qui. Qui ut et ut eos. Earum minima doloremque et corrupti. Rerum sed quibusdam rerum ipsum sunt.',2,'2020-07-12 12:01:52','2020-07-12 12:01:52'),
	(90,16,'Susie Hegmann','Aliquam vero alias fugiat recusandae quaerat voluptatibus numquam iste. Consequatur ut non ab. Blanditiis quia cum veritatis et accusamus.',2,'2020-07-12 12:01:52','2020-07-12 12:01:52'),
	(91,34,'Melba Hudson','Praesentium vel ex vel officiis velit dolor. Sunt hic aspernatur odio temporibus qui sint. Eligendi qui quaerat voluptatum corrupti ab. Debitis molestias magnam ullam natus in aspernatur commodi.',3,'2020-07-12 12:01:52','2020-07-12 12:01:52'),
	(92,35,'Gretchen Beatty','Et aliquid earum vero corrupti. Voluptas doloremque magni aut voluptatem quasi hic veritatis. Numquam impedit culpa corrupti eos quia ut dolores. Amet consequuntur repudiandae corporis aut saepe.',1,'2020-07-12 12:01:52','2020-07-12 12:01:52'),
	(93,44,'Miller Hoeger','Vel dolorum incidunt dolorum quis. Fuga dolores sit aliquid amet minus dignissimos. Fuga porro voluptate sunt odio architecto qui similique sunt.',3,'2020-07-12 12:01:52','2020-07-12 12:01:52'),
	(94,40,'Armand Boyer','Expedita occaecati placeat iusto. Ut aliquid iusto ut reprehenderit. Dolor aut minus aut dolores.',3,'2020-07-12 12:01:52','2020-07-12 12:01:52'),
	(95,35,'Raina Lowe','Consequuntur cumque aut ad ut. Dolorem dolore dolores est voluptatem. Quaerat odio nihil est ad numquam natus sed. Nesciunt ut incidunt repellat occaecati.',1,'2020-07-12 12:01:52','2020-07-12 12:01:52'),
	(96,9,'Prof. Hilton Mosciski','Fugit aut reprehenderit ut quae accusantium incidunt et. Vel pariatur dolorem consectetur quidem nihil sed earum. Cupiditate et temporibus est cupiditate quas ut eligendi eos. Unde et rem enim et qui voluptatem.',2,'2020-07-12 12:01:52','2020-07-12 12:01:52'),
	(97,50,'Mr. Jules Weimann','Ipsa cupiditate et minima vitae. Ut et sed numquam quasi modi unde eos.',4,'2020-07-12 12:01:52','2020-07-12 12:01:52'),
	(98,3,'Nyah Harvey','Eum totam non pariatur ut nihil vitae. Fuga aliquam iusto quisquam et optio quia. Nesciunt in ab fugiat aspernatur aut labore. At qui voluptate corrupti.',2,'2020-07-12 12:01:52','2020-07-12 12:01:52'),
	(99,2,'Will Bernhard','Rerum animi inventore enim et vel rem ut. Qui impedit quidem a. Perferendis ipsa rem provident ducimus explicabo reiciendis. Quas laudantium voluptatem repellendus consectetur consequatur.',5,'2020-07-12 12:01:52','2020-07-12 12:01:52'),
	(100,30,'Jamaal Kautzer','Eos id ullam eligendi. Cum voluptatum quia rem et. Possimus aperiam quo error nostrum ut. Ut ea velit quaerat eos.',4,'2020-07-12 12:01:52','2020-07-12 12:01:52'),
	(101,25,'Howell White MD','Dolore est dolorem odio quam. Unde aut totam non reiciendis labore. Placeat sequi dolorem ex tempore eum cumque omnis hic.',4,'2020-07-12 12:01:52','2020-07-12 12:01:52'),
	(102,36,'Bret Fahey','Eum consectetur voluptas laborum aspernatur eius commodi. Qui necessitatibus ut dolores neque. Eum est voluptate nobis aut qui. Rerum adipisci optio facere nesciunt tempora quasi. Aut sint est eos voluptas amet dolor molestiae.',2,'2020-07-12 12:01:52','2020-07-12 12:01:52'),
	(103,35,'Ms. Violette Tremblay','Quia sequi accusamus laboriosam maiores culpa voluptates quaerat. Vel blanditiis iste doloribus et neque delectus. Hic odit exercitationem quos quisquam. Unde ratione rerum aut ad illo.',3,'2020-07-12 12:01:52','2020-07-12 12:01:52'),
	(104,32,'Bridget Waelchi I','Quia sapiente nihil ea illum maiores. Tenetur et eveniet est ut eos. Occaecati eaque excepturi praesentium debitis dolor.',4,'2020-07-12 12:01:52','2020-07-12 12:01:52'),
	(105,29,'Tyra Jenkins','Ducimus ad facilis minima animi. Doloremque dolor consequatur quis quod vitae quibusdam. Sunt placeat quo hic accusamus est libero. Quis quisquam quae qui dolores error.',3,'2020-07-12 12:01:52','2020-07-12 12:01:52'),
	(106,35,'Lukas Rippin','Est recusandae dolorem consectetur maiores eos fuga nisi. Et quia et ut voluptatem natus est id alias. Aspernatur sed amet voluptas quibusdam et. Fugiat illo error tenetur dolor. Neque quidem laboriosam et voluptatem debitis sed.',1,'2020-07-12 12:01:52','2020-07-12 12:01:52'),
	(107,36,'Kailee McKenzie','Voluptatem incidunt est pariatur beatae aliquid. Quia a voluptatem praesentium sit. Est et voluptatem ipsum est qui dolores.',1,'2020-07-12 12:01:52','2020-07-12 12:01:52'),
	(108,28,'Magdalena Jacobs','Cumque ut sunt atque alias quidem possimus minus. Eligendi aliquam architecto est consectetur. Corrupti velit temporibus quisquam. Eius veniam eius in tempore magni et.',2,'2020-07-12 12:01:52','2020-07-12 12:01:52'),
	(109,44,'Baron Hamill','Porro recusandae temporibus porro soluta quo aut. Et architecto laudantium sint. Vel ut accusamus dolores vitae amet labore. Est sapiente ea saepe nostrum blanditiis libero.',4,'2020-07-12 12:01:52','2020-07-12 12:01:52'),
	(110,47,'Glennie Osinski','Earum dicta consectetur velit architecto et. Rerum ut ipsum et expedita voluptatem. Aspernatur ipsam animi perspiciatis id quam.',5,'2020-07-12 12:01:52','2020-07-12 12:01:52'),
	(111,37,'Ms. Dorothy Roob','Atque quas porro maiores expedita. Qui magnam quis laboriosam totam veritatis minus nam. Delectus magni velit quaerat. In ut nisi ut deserunt.',4,'2020-07-12 12:01:52','2020-07-12 12:01:52'),
	(112,15,'Cornelius Emmerich','Eum eos qui totam quo officiis non. Eos omnis sequi repudiandae quibusdam. Facilis quidem consequatur dolorem dolorum eos.',4,'2020-07-12 12:01:52','2020-07-12 12:01:52'),
	(113,10,'Trinity Gaylord','Enim alias esse dolorem ut quam. Accusantium enim qui quas nihil odio et quis.',5,'2020-07-12 12:01:52','2020-07-12 12:01:52'),
	(114,40,'Macey Gaylord','Amet et at voluptas eaque est. Dolorem accusamus magni ipsam quisquam quia laudantium eius. Ut quia et enim aspernatur ipsa. Nisi vero voluptas labore.',4,'2020-07-12 12:01:52','2020-07-12 12:01:52'),
	(115,38,'Thomas Kub DDS','Hic sit ut quibusdam libero et quod. Eveniet odio aspernatur adipisci nobis. Consequatur eligendi impedit nesciunt qui. Corrupti sapiente repellendus iste voluptatem.',2,'2020-07-12 12:01:52','2020-07-12 12:01:52'),
	(116,27,'Cielo Kovacek','Culpa ipsam itaque minus id occaecati et qui. Autem repudiandae dolor sequi est unde quidem sunt accusamus. Accusantium aliquam vel recusandae.',1,'2020-07-12 12:01:52','2020-07-12 12:01:52'),
	(117,11,'Mr. Floyd Durgan','Consectetur debitis ipsam laboriosam illum esse ut consequuntur. Quisquam et est et repudiandae doloremque asperiores odit fugit. Quasi necessitatibus quo esse eum. Porro corrupti quam corporis alias dolorum tempora. Totam et tempora ut est modi expedita blanditiis.',3,'2020-07-12 12:01:52','2020-07-12 12:01:52'),
	(118,28,'Nya O\'Kon','Explicabo eum eum laborum suscipit eum. Sint nihil quidem est quia. Odio dignissimos voluptas non aperiam quaerat fuga minus. Laboriosam ratione non et.',2,'2020-07-12 12:01:52','2020-07-12 12:01:52'),
	(119,42,'Dr. Clotilde Barton PhD','Tenetur placeat quod ut cupiditate ex molestiae id. Necessitatibus necessitatibus odio optio hic temporibus et debitis. Velit quidem ea rerum molestiae odio eum.',1,'2020-07-12 12:01:52','2020-07-12 12:01:52'),
	(120,10,'Loy Flatley DVM','Pariatur soluta asperiores est nihil corrupti. Corrupti sint ut unde tenetur. Quam voluptatibus dignissimos magnam et. Et exercitationem quibusdam natus dicta rerum velit enim.',3,'2020-07-12 12:01:52','2020-07-12 12:01:52'),
	(121,31,'Ayden Kris','Aut earum consequuntur consectetur quaerat distinctio repudiandae id. Et mollitia fugiat officia aut qui ad dolorum. Harum eius dicta odio.',4,'2020-07-12 12:01:52','2020-07-12 12:01:52'),
	(122,15,'Dr. Brenden Witting','Qui tenetur quia quo voluptas minima maxime. Dolores quam voluptatem unde quisquam aut autem ullam blanditiis. Maxime incidunt voluptatem voluptates aliquid quae.',1,'2020-07-12 12:01:52','2020-07-12 12:01:52'),
	(123,33,'Una Bergstrom','Non consequuntur aperiam dolor harum quos ratione. Quidem voluptatem odit ut. Soluta nulla totam repellat.',3,'2020-07-12 12:01:52','2020-07-12 12:01:52'),
	(124,21,'Coleman Heidenreich','Aliquam odio cum quo consequatur rerum facere. Sed et qui et voluptatem harum ut est.',2,'2020-07-12 12:01:52','2020-07-12 12:01:52'),
	(125,15,'Armando Gutkowski','Sit delectus et cumque veniam. Est ut ut repellendus voluptatem est. Dolorum et voluptatum ut praesentium et.',2,'2020-07-12 12:01:52','2020-07-12 12:01:52'),
	(126,36,'Jettie Bailey','Et natus velit non nihil quo aut. Perspiciatis recusandae enim nostrum aut excepturi distinctio impedit. Illo quisquam corrupti ipsum tenetur odio ab. Ad et sint sunt quos. Ea est voluptate necessitatibus aut.',2,'2020-07-12 12:01:52','2020-07-12 12:01:52'),
	(127,23,'Nelda Bernhard','Ab voluptatum delectus eius quia magnam nisi voluptatem et. Quae sed eum tempore consequatur odio. Quisquam eligendi eius iste enim aut. Impedit reiciendis veritatis quod alias.',1,'2020-07-12 12:01:52','2020-07-12 12:01:52'),
	(128,9,'Arielle Spencer','Porro et officiis consectetur aperiam assumenda. Rerum harum ex odio a eum. Voluptatem omnis libero quisquam aspernatur accusantium eum eum sint. Minima quae aut ipsa quidem quisquam occaecati. Ea harum dolores earum.',5,'2020-07-12 12:01:52','2020-07-12 12:01:52'),
	(129,31,'Frank Anderson','Et eveniet qui voluptas. Aperiam molestiae perspiciatis atque excepturi inventore ut similique. Ullam excepturi sequi aperiam dignissimos enim.',2,'2020-07-12 12:01:52','2020-07-12 12:01:52'),
	(130,9,'Akeem Gutmann','Perferendis consequuntur in vero eveniet et consequatur qui. Libero perspiciatis magni provident facere. Sed assumenda non fugiat reprehenderit.',2,'2020-07-12 12:01:52','2020-07-12 12:01:52'),
	(131,42,'Mr. Darrick Goyette','Itaque voluptas ipsam accusantium quia voluptatem quod. Quod et et natus in odit. Accusamus laboriosam est molestias recusandae nihil.',5,'2020-07-12 12:01:52','2020-07-12 12:01:52'),
	(132,35,'Prof. Bud Beahan','Enim omnis nulla aut eligendi ut libero. Est ea maxime nihil omnis ipsa. Maiores saepe amet vero et quo.',5,'2020-07-12 12:01:52','2020-07-12 12:01:52'),
	(133,19,'Scotty Ferry','Cum qui quo vitae voluptatem ducimus. Eius occaecati ut molestiae provident dolore et. In autem veritatis quas architecto. Aut excepturi quos qui sapiente quibusdam qui mollitia.',2,'2020-07-12 12:01:52','2020-07-12 12:01:52'),
	(134,33,'Delpha Bashirian','Voluptate id occaecati sapiente est. Illo sed vitae aut exercitationem aut. Sit iste mollitia eveniet eveniet natus blanditiis odit hic. Ut voluptatem iste esse numquam fuga asperiores dicta.',3,'2020-07-12 12:01:52','2020-07-12 12:01:52'),
	(135,36,'Prof. Alta Satterfield','Animi id magnam possimus libero aut. Et corrupti quaerat maxime minima soluta eum. Qui exercitationem eum maiores ratione. Blanditiis voluptatem vel dolore sed ducimus.',5,'2020-07-12 12:01:52','2020-07-12 12:01:52'),
	(136,9,'Renee Stiedemann','Est voluptate consequatur commodi cum excepturi quisquam. Magnam impedit molestiae dolores aperiam quaerat aut. Ut non vel et aut qui consequatur.',5,'2020-07-12 12:01:52','2020-07-12 12:01:52'),
	(137,47,'Jeffrey Beahan','Nisi enim libero exercitationem ut maxime reiciendis minima. Eos nulla sapiente ut illo quis. Doloribus quia omnis facilis harum rem.',3,'2020-07-12 12:01:52','2020-07-12 12:01:52'),
	(138,18,'Bobbie Thiel','Maxime iste animi aliquam quia exercitationem tempora occaecati. Corporis possimus hic et. Aut impedit suscipit facere distinctio et iusto qui. Nesciunt sint consequatur asperiores iste assumenda.',3,'2020-07-12 12:01:52','2020-07-12 12:01:52'),
	(139,44,'Chadrick Tromp','Et est eos voluptatem a quo et quisquam voluptas. Qui debitis eveniet aut. Ipsa atque nostrum quisquam culpa quisquam dicta suscipit. Optio eos fugit neque.',4,'2020-07-12 12:01:52','2020-07-12 12:01:52'),
	(140,16,'Shyanne Welch','Aliquam non fugit voluptatem pariatur nisi et ut. Veritatis nobis aut aperiam odit eveniet inventore aliquid quis.',2,'2020-07-12 12:01:52','2020-07-12 12:01:52'),
	(141,35,'Hallie Cremin PhD','Eius inventore consequatur optio harum sed. Eveniet vitae dolorem voluptatem dolor consequatur fugiat corrupti dolorem. Vero autem in recusandae. Ea quod deserunt optio eius rerum.',3,'2020-07-12 12:01:52','2020-07-12 12:01:52'),
	(142,23,'Karina Jacobi','Numquam eum itaque quo est quae qui. Animi et excepturi accusamus rerum. Sequi est est voluptates corporis.',4,'2020-07-12 12:01:52','2020-07-12 12:01:52'),
	(143,50,'Thalia Schmidt Jr.','Cumque cum a quisquam ullam voluptatem. Pariatur ab laboriosam harum rem distinctio libero corrupti. Vel quia ea fugiat odio dolor consequuntur qui.',3,'2020-07-12 12:01:52','2020-07-12 12:01:52'),
	(144,27,'Dr. Trycia Kuhlman PhD','Laborum nostrum aspernatur non. Voluptatibus expedita voluptatem consequuntur illum temporibus. Odit et nobis dignissimos esse vel reiciendis qui eos.',1,'2020-07-12 12:01:52','2020-07-12 12:01:52'),
	(145,12,'Prof. Barney Dach','Quo est libero dignissimos illo repellendus alias atque. Eius temporibus qui iure quia perspiciatis corrupti. Quia aut aperiam voluptatem molestias. Ut labore est porro.',3,'2020-07-12 12:01:52','2020-07-12 12:01:52'),
	(146,14,'Chadrick Effertz','Cum error aut magni laborum ipsum. Et voluptatem eaque est aut debitis voluptate. Et doloribus et deserunt et rerum optio. Numquam reiciendis aspernatur qui nesciunt placeat.',4,'2020-07-12 12:01:52','2020-07-12 12:01:52'),
	(147,22,'Prof. Henderson Emmerich II','Et architecto optio vitae dolor. Fugit et sunt autem ipsam sit ratione. Quo est cumque molestiae natus fuga nisi.',2,'2020-07-12 12:01:52','2020-07-12 12:01:52'),
	(148,22,'Loy Stamm MD','Aut facilis id vero enim excepturi ea. Modi eligendi qui ut error voluptatibus facere sequi.',2,'2020-07-12 12:01:52','2020-07-12 12:01:52'),
	(149,47,'Aurore Goldner III','Non autem sequi voluptas reiciendis aliquid consequatur. Ea commodi ut occaecati praesentium. Pariatur qui velit sapiente ea qui quidem ex.',3,'2020-07-12 12:01:52','2020-07-12 12:01:52'),
	(150,32,'Armando Schneider','Et laudantium omnis dolores fugiat sapiente sequi tenetur. Adipisci vero at dignissimos illum veniam. Rerum qui omnis sint cum unde qui. Qui perferendis possimus natus modi ut cupiditate accusamus dicta.',2,'2020-07-12 12:01:52','2020-07-12 12:01:52'),
	(151,17,'Reece Cronin','Et blanditiis rerum recusandae molestiae provident nisi. Qui quis vel adipisci beatae eveniet. Voluptas officiis eius ut dignissimos voluptatibus dolor. Iure eum aspernatur est molestias voluptas.',1,'2020-07-12 12:01:52','2020-07-12 12:01:52'),
	(152,27,'Ken Upton','A dolores expedita est ut dolores facere nisi. Sed magni et alias vel illo fugiat aspernatur quisquam. Earum et in et officiis. Quo qui occaecati et eos et.',1,'2020-07-12 12:01:52','2020-07-12 12:01:52'),
	(153,29,'Keith Littel','Et ipsam eligendi maiores et qui voluptate. Cum quasi vel distinctio non eum nisi sit. Saepe cum ipsam qui voluptatem tempora dolores explicabo corporis. Nostrum asperiores ut repellendus consequatur officiis enim.',5,'2020-07-12 12:01:52','2020-07-12 12:01:52'),
	(154,50,'Lelah Cronin DDS','Qui aliquam consequatur iure harum rerum temporibus minus alias. Tenetur et sapiente dolores. Excepturi nisi nihil soluta molestias.',1,'2020-07-12 12:01:52','2020-07-12 12:01:52'),
	(155,4,'Therese Kessler','Totam aut harum neque eos velit voluptas. Voluptate doloribus natus expedita velit. Et accusantium temporibus veniam molestiae enim.',3,'2020-07-12 12:01:52','2020-07-12 12:01:52'),
	(156,4,'Alivia Collier','Eius molestiae dolorem illo voluptate quia debitis. Expedita illum quia ea quas. At aut ea voluptas. Modi ex aut quo placeat expedita molestiae et.',3,'2020-07-12 12:01:52','2020-07-12 12:01:52'),
	(157,7,'Darion Schmidt','Mollitia dolorum adipisci facilis eum omnis quia. Aut provident quo quae similique. Numquam error ea rerum voluptas. Fugit assumenda non aut voluptates praesentium est necessitatibus.',1,'2020-07-12 12:01:52','2020-07-12 12:01:52'),
	(158,17,'Gudrun Ernser III','Nihil quo non harum beatae voluptatem ad quia temporibus. Perspiciatis iusto qui provident quibusdam unde ut. Possimus molestiae qui magni facere aut eos minus. Et nesciunt facilis nostrum sit asperiores doloribus magni. Fugit beatae dolor labore.',1,'2020-07-12 12:01:52','2020-07-12 12:01:52'),
	(159,35,'Jordan Lynch','Eius fuga magnam sunt et ipsum accusantium tempora qui. Dolorem harum pariatur facilis facilis quae quia. Et corporis vitae ex rerum at.',1,'2020-07-12 12:01:52','2020-07-12 12:01:52'),
	(160,19,'Bernita Auer','Nostrum beatae ducimus qui omnis deleniti. Culpa aspernatur voluptas voluptas asperiores aut exercitationem. Ex velit qui rerum placeat veniam. Iste velit pariatur fugit.',3,'2020-07-12 12:01:52','2020-07-12 12:01:52'),
	(161,29,'Victoria Breitenberg','Non autem quo architecto qui alias accusamus ex. Repudiandae rerum soluta in. Minus omnis aspernatur repudiandae quae a eligendi.',5,'2020-07-12 12:01:52','2020-07-12 12:01:52'),
	(162,23,'Aida Lind I','Consectetur ea fuga ipsum dolores est omnis minus. Perferendis rem saepe consequatur et incidunt aut. Ipsum amet odit officia non tenetur et sed. Praesentium expedita qui at quisquam eligendi veniam.',1,'2020-07-12 12:01:52','2020-07-12 12:01:52'),
	(163,29,'Hortense Dicki','Nostrum nostrum temporibus ipsa eos. Neque dolores consequatur et consequuntur cumque. Facere voluptate quo ea deleniti ut voluptate.',1,'2020-07-12 12:01:52','2020-07-12 12:01:52'),
	(164,25,'Erik Schimmel','Vitae nam corporis minus atque. Ea nobis esse quis ea. Tempore aliquam corporis corporis quia eveniet modi et.',5,'2020-07-12 12:01:52','2020-07-12 12:01:52'),
	(165,30,'Monica Kuvalis Jr.','Ea repudiandae deserunt dolore ut. Voluptatibus ducimus aut hic culpa quis quia. Et reprehenderit placeat dignissimos debitis.',4,'2020-07-12 12:01:52','2020-07-12 12:01:52'),
	(166,42,'Joe Kreiger','Repellat sapiente pariatur voluptas similique enim iusto hic. Fugiat ipsum quia qui aliquid assumenda asperiores. Consequatur qui alias asperiores qui et. Voluptas quia qui voluptatem ipsam.',2,'2020-07-12 12:01:52','2020-07-12 12:01:52'),
	(167,9,'Mr. Timmothy Lind','Sed possimus necessitatibus veritatis odio nemo facilis quas. Amet expedita et aut et rem qui. Quae voluptate et facere eligendi omnis delectus id.',4,'2020-07-12 12:01:52','2020-07-12 12:01:52'),
	(168,50,'Jermain VonRueden','Incidunt rerum illo atque ullam perspiciatis aperiam. Eum tenetur qui impedit a modi. Veritatis quos maiores eos eius similique.',2,'2020-07-12 12:01:52','2020-07-12 12:01:52'),
	(169,22,'Dr. Clemmie Kirlin','Non optio et eius qui ea reiciendis vitae. Consequatur quo ab nesciunt beatae modi ut. Possimus qui eum maxime et cupiditate voluptas unde. Qui et quia quidem vitae ut exercitationem fuga.',3,'2020-07-12 12:01:52','2020-07-12 12:01:52'),
	(170,13,'Miss Jazmin Abernathy PhD','Non hic est odit architecto perferendis amet. Velit qui iusto ea soluta harum quos dignissimos. Dolorem quisquam sunt tempora modi.',5,'2020-07-12 12:01:52','2020-07-12 12:01:52'),
	(171,11,'Madeline Zboncak Sr.','Esse libero sit velit itaque odit qui. Inventore cupiditate nihil aut unde. Incidunt libero id omnis ipsum dolore.',2,'2020-07-12 12:01:52','2020-07-12 12:01:52'),
	(172,19,'Mr. Ransom Mohr','Esse soluta molestias ut non suscipit. Delectus accusamus voluptatibus nihil maxime enim. Mollitia esse dolore quae quia sunt ex.',2,'2020-07-12 12:01:52','2020-07-12 12:01:52'),
	(173,48,'Lilian Hintz','Et rerum nulla corrupti vel accusantium. Beatae repellat odit pariatur omnis delectus eos. Aut voluptates reprehenderit est aut saepe vel possimus fugit. Iure illum molestiae modi debitis odio.',5,'2020-07-12 12:01:52','2020-07-12 12:01:52'),
	(174,20,'Michale Murazik','Esse vel nostrum voluptatem cum. Iusto suscipit error qui. Aperiam nulla et ab soluta voluptas.',1,'2020-07-12 12:01:52','2020-07-12 12:01:52'),
	(175,37,'Gregory Bashirian','Neque tempore aut possimus nobis. Aut nam beatae a. Non veritatis eligendi et aut assumenda vel.',4,'2020-07-12 12:01:52','2020-07-12 12:01:52'),
	(176,1,'Werner Bradtke V','Eius dicta et sit ut. Unde iusto aperiam est consequatur suscipit deleniti. Odit voluptatem libero sequi possimus. Ex cupiditate consequuntur ut in aliquam.',2,'2020-07-12 12:01:52','2020-07-12 12:01:52'),
	(177,50,'Kimberly Mayer','Laborum est ea sed rerum alias. Fugit quo aut vel veritatis accusamus ad eveniet. Illo beatae commodi eos beatae velit nostrum dolorum aperiam.',4,'2020-07-12 12:01:52','2020-07-12 12:01:52'),
	(178,7,'Enid Purdy','Ex explicabo eaque aut nobis. Est nemo iure quo beatae totam. Architecto perspiciatis dolores quibusdam dolor. Nisi porro ducimus ab quo aperiam.',3,'2020-07-12 12:01:52','2020-07-12 12:01:52'),
	(179,28,'Mrs. Kattie Terry DDS','Voluptas ut iste omnis saepe qui dicta. Aut deleniti quia officiis omnis sequi rerum voluptatibus. Laudantium nesciunt numquam nihil. Autem consequatur architecto consequatur deleniti labore voluptatem magni.',5,'2020-07-12 12:01:52','2020-07-12 12:01:52'),
	(180,32,'Godfrey Roob I','Neque cum et nihil eligendi asperiores. Ipsam dolorem blanditiis quia distinctio voluptatem. Iusto molestiae incidunt tenetur explicabo. Et vitae iusto incidunt odio quos voluptatem doloribus eaque. Assumenda sit velit laboriosam eos.',3,'2020-07-12 12:01:52','2020-07-12 12:01:52'),
	(181,37,'Carmen Will','Iusto vero tenetur autem explicabo nisi corrupti non. Dolorem corrupti nihil blanditiis autem. Numquam facere ut beatae vero id.',5,'2020-07-12 12:01:52','2020-07-12 12:01:52'),
	(182,30,'Marisa Volkman','Iure provident et et assumenda accusantium voluptatem. Voluptatem similique repudiandae explicabo doloribus. Suscipit aut natus quam quam et ipsam quas quo.',4,'2020-07-12 12:01:52','2020-07-12 12:01:52'),
	(183,2,'Anastasia Lehner','Maxime dolor autem odit omnis eum molestiae non. Reiciendis quia sit dolores ut ad aspernatur molestias. Architecto omnis culpa placeat soluta. Ducimus maiores et maiores enim culpa quis.',3,'2020-07-12 12:01:52','2020-07-12 12:01:52'),
	(184,18,'Cale Yundt','Explicabo consequatur ut adipisci quod. Rem molestias unde harum non. Eaque vitae rerum harum molestias similique. Vel pariatur quis error odio.',1,'2020-07-12 12:01:52','2020-07-12 12:01:52'),
	(185,43,'Elva Ruecker','Commodi repellat qui vel dolores tempora. Cum esse ea minus porro aut corporis.',2,'2020-07-12 12:01:52','2020-07-12 12:01:52'),
	(186,44,'Prof. Kenyatta Reynolds IV','Quia tenetur qui sed quia aspernatur rerum. Accusamus eos quidem minima. Iusto eos voluptatem incidunt minima.',3,'2020-07-12 12:01:52','2020-07-12 12:01:52'),
	(187,25,'Virginia Halvorson','Omnis optio odit tempore voluptas et. Sequi commodi eum ipsa ut veritatis et. Consectetur fugit qui nobis dolor. Iste corporis architecto est et quae ea.',1,'2020-07-12 12:01:52','2020-07-12 12:01:52'),
	(188,24,'Raven Dare I','Nihil libero sint alias facere. Quod repellat ad deserunt omnis.',4,'2020-07-12 12:01:52','2020-07-12 12:01:52'),
	(189,39,'Jo Lind III','Commodi et nemo dolores deleniti eaque amet. In quia corrupti veritatis natus magni veritatis autem non. Eum eos rem omnis ad dolorum. Quam vel doloremque voluptatibus sunt.',4,'2020-07-12 12:01:52','2020-07-12 12:01:52'),
	(190,14,'Dr. Kendall Senger I','Voluptatem qui error eaque aut. Earum placeat et vel quis. Qui at eos sed vel. Ducimus dolores corporis repellendus reiciendis consequuntur ratione illum quis.',4,'2020-07-12 12:01:52','2020-07-12 12:01:52'),
	(191,34,'Domenica Lakin MD','Quis sint libero reiciendis id quos ut. Ut voluptatum voluptas atque nihil.',2,'2020-07-12 12:01:52','2020-07-12 12:01:52'),
	(192,50,'Prof. Edmond Thompson III','Ea deleniti unde autem dolorem magnam itaque ullam. Eum sit nihil fugiat nemo. Ut maiores autem sapiente qui repellendus beatae.',2,'2020-07-12 12:01:52','2020-07-12 12:01:52'),
	(193,9,'Prof. Hassan Doyle Jr.','Temporibus nihil enim impedit a et minima numquam. Ratione autem quis libero. Minus aut optio quia in a.',2,'2020-07-12 12:01:52','2020-07-12 12:01:52'),
	(194,29,'Alessia Harber','Hic est vel saepe quam reiciendis earum omnis aspernatur. Exercitationem ducimus veritatis magni. Velit autem consequatur omnis. Et dolor corrupti cum quaerat fuga adipisci.',3,'2020-07-12 12:01:52','2020-07-12 12:01:52'),
	(195,2,'Dr. Major Cummings','Esse repellendus dolorum ipsa consequatur illo praesentium rem atque. Voluptatem voluptate sint dicta temporibus et est. Quis fugiat et similique fugit quos nesciunt. Sapiente qui adipisci dignissimos omnis rerum.',4,'2020-07-12 12:01:52','2020-07-12 12:01:52'),
	(196,50,'Dr. Brandyn Hilpert DDS','Tempore repellat est consequuntur quisquam beatae aut facilis. Nam quis necessitatibus voluptatem et atque temporibus qui. Cumque incidunt doloremque non autem vel accusantium et mollitia. Distinctio architecto aut quidem ut vel et repudiandae. Nobis alias ipsum qui modi.',1,'2020-07-12 12:01:52','2020-07-12 12:01:52'),
	(197,26,'Maxwell Macejkovic','Beatae aut voluptatem qui. Ullam delectus ad ut magnam. Quasi sed neque excepturi dolore quasi voluptatem optio. Aut qui voluptatum non quo ut occaecati atque.',3,'2020-07-12 12:01:52','2020-07-12 12:01:52'),
	(198,17,'Jeremie Gutkowski DDS','Perspiciatis minima maxime et officiis ipsa autem quis. Non consequatur velit nulla tempora ea. Nemo ducimus est alias aut. Rem dicta consequatur itaque esse ab amet.',1,'2020-07-12 12:01:52','2020-07-12 12:01:52'),
	(199,42,'Hermina McLaughlin','Aliquam non nostrum quae. Nesciunt consequuntur dicta amet nemo voluptas iusto. Repudiandae sed similique rem qui corporis sed facilis.',2,'2020-07-12 12:01:52','2020-07-12 12:01:52'),
	(200,25,'Ms. Francesca Olson PhD','Modi minima modi voluptas ea autem sed quaerat. Veritatis et optio debitis veniam quis.',5,'2020-07-12 12:01:52','2020-07-12 12:01:52'),
	(201,37,'Lizzie Shanahan','Non esse similique nam reprehenderit amet. Nisi molestias eius sunt voluptatum. Voluptatem recusandae accusantium voluptatibus blanditiis quo.',5,'2020-07-12 12:01:52','2020-07-12 12:01:52'),
	(202,37,'Berenice Rath','Minus aut debitis provident consequatur rem voluptatem exercitationem deserunt. Rerum dolores voluptas quis et. Suscipit in ea fugit quibusdam aliquid repellat. Repellat libero necessitatibus doloremque ea.',1,'2020-07-12 12:01:52','2020-07-12 12:01:52'),
	(203,45,'Manuela Conroy II','Possimus perferendis voluptas laboriosam rem fugit. Temporibus ipsa voluptatibus aut atque deserunt. Beatae explicabo magnam quis ratione perferendis in. Eaque animi neque officiis ducimus quo libero.',1,'2020-07-12 12:01:52','2020-07-12 12:01:52'),
	(204,16,'Fanny Goldner','Temporibus incidunt voluptatem consequatur eum voluptatem sit quasi. Quisquam earum possimus tempore quis iure hic. Iste exercitationem praesentium nihil magni maiores. Quia perspiciatis deleniti qui ea quo sunt.',3,'2020-07-12 12:01:52','2020-07-12 12:01:52'),
	(205,44,'Pamela Crooks','Possimus consectetur corporis cupiditate hic consequatur nam doloribus. Voluptas aut molestias et animi libero voluptas occaecati molestiae. Aliquid aut nam natus expedita perspiciatis.',4,'2020-07-12 12:01:52','2020-07-12 12:01:52'),
	(206,36,'Dr. Tyson Haley','Quas atque ut et sed. Aliquam voluptatem exercitationem ut veritatis. Quos id consectetur expedita.',4,'2020-07-12 12:01:52','2020-07-12 12:01:52'),
	(207,1,'Mrs. Dena Collier PhD','Omnis aliquid cupiditate expedita suscipit error. Omnis cum tenetur nihil velit deleniti rerum. Quis qui ut nisi quo illum.',2,'2020-07-12 12:01:52','2020-07-12 12:01:52'),
	(208,41,'Fred Emard','Ut occaecati perferendis asperiores et labore. Ut omnis consequatur et ut non sequi et. Consequuntur aut non distinctio sed nihil.',1,'2020-07-12 12:01:52','2020-07-12 12:01:52'),
	(209,14,'Ms. Camilla Morissette','Ipsa beatae nemo qui. Veniam aut quibusdam nihil asperiores voluptates impedit dolor dignissimos. Vel porro dolor ut explicabo hic et illo. Repellat eligendi asperiores officia. Eveniet ad consectetur molestias expedita minima et.',3,'2020-07-12 12:01:52','2020-07-12 12:01:52'),
	(210,5,'Marcus Effertz','Quia quia quis occaecati nihil quas incidunt omnis. Assumenda suscipit dolor odit sit. Architecto laborum assumenda est autem enim maxime et. Sed nam enim pariatur est.',2,'2020-07-12 12:01:52','2020-07-12 12:01:52'),
	(211,10,'Luther Lehner','Sed fuga maiores cumque ipsam at rerum. Perferendis molestias delectus velit totam dolorem ut sint. Aut natus voluptas sed voluptatem molestiae facilis corporis.',5,'2020-07-12 12:01:52','2020-07-12 12:01:52'),
	(212,29,'Ruth Kovacek','Voluptatem cumque ad at odit recusandae praesentium. Atque officiis numquam assumenda non voluptate. Corrupti labore voluptate doloremque non fugit et maxime pariatur. Neque sed odit est hic omnis accusamus atque suscipit.',4,'2020-07-12 12:01:52','2020-07-12 12:01:52'),
	(213,31,'Dr. Elise Robel III','Non in quae ratione assumenda iusto doloremque. Omnis dolores ex optio eveniet corrupti incidunt animi. Ea et voluptas autem illo.',1,'2020-07-12 12:01:52','2020-07-12 12:01:52'),
	(214,19,'Ephraim Hudson','Magnam fugit repudiandae culpa exercitationem. Officiis quis suscipit temporibus inventore nisi suscipit molestiae. Ducimus adipisci explicabo eius necessitatibus.',4,'2020-07-12 12:01:52','2020-07-12 12:01:52'),
	(215,13,'Skyla Fahey','Eos fuga cumque ea voluptate saepe consequatur. Quia doloribus culpa dignissimos possimus doloremque aut sed. Enim maiores architecto aut perferendis libero sint accusantium. Ut commodi qui mollitia laudantium soluta. Consequatur quis fugit vitae impedit non ex fuga.',3,'2020-07-12 12:01:52','2020-07-12 12:01:52'),
	(216,29,'Marianna Reichel','Aliquid impedit blanditiis et sit expedita vel et. Recusandae rerum qui modi vel dolorem quasi ducimus.',3,'2020-07-12 12:01:52','2020-07-12 12:01:52'),
	(217,8,'Vidal Sanford','Consequatur provident laudantium nisi corrupti dolor odit. Sapiente animi praesentium quia veritatis aut.',2,'2020-07-12 12:01:52','2020-07-12 12:01:52'),
	(218,38,'Dr. Dewayne Kutch II','Vitae esse non debitis praesentium voluptates. Incidunt delectus eum aut velit. Aliquam rerum sequi molestias et at. Quia sed est nam.',1,'2020-07-12 12:01:52','2020-07-12 12:01:52'),
	(219,23,'Susanna Kuhn','Totam quo eaque ducimus nemo saepe unde labore asperiores. Et officiis ea quia quia deleniti expedita unde. Sed consequatur ut esse ea. Autem et nihil beatae dolorem ullam similique qui ut.',2,'2020-07-12 12:01:52','2020-07-12 12:01:52'),
	(220,14,'Mohamed Bahringer','Quisquam omnis possimus omnis atque. Tempora itaque repudiandae accusantium earum distinctio blanditiis deserunt dolores. Labore qui id fuga est est. Voluptatibus enim omnis aliquam fugiat et.',2,'2020-07-12 12:01:52','2020-07-12 12:01:52'),
	(221,14,'Marlene Wilkinson III','Et ducimus consequatur et voluptatibus et. Sapiente nihil officiis corrupti saepe ipsa sint in. Beatae esse qui illum praesentium est dolores.',1,'2020-07-12 12:01:52','2020-07-12 12:01:52'),
	(222,4,'Zackery Swaniawski','Vitae expedita tenetur consequatur. Laudantium perspiciatis perspiciatis recusandae debitis sed voluptas omnis.',3,'2020-07-12 12:01:52','2020-07-12 12:01:52'),
	(223,3,'Misael Ortiz','Minus eius et quisquam vel. Deleniti optio laborum delectus amet sapiente quibusdam.',1,'2020-07-12 12:01:52','2020-07-12 12:01:52'),
	(224,30,'Enid Keeling','Voluptates et non eum autem quis nostrum quibusdam sed. Rerum harum accusantium maiores est vel. Inventore est possimus rerum eos dolorum maiores ea. Ducimus et ab qui sed qui explicabo.',2,'2020-07-12 12:01:52','2020-07-12 12:01:52'),
	(225,14,'Jarrell Schneider','Sunt sint dolor soluta rem cupiditate commodi illo. Quae et et qui perferendis. Sunt autem et recusandae deserunt vel iure. Dolor dolore possimus necessitatibus ducimus odit sit.',1,'2020-07-12 12:01:52','2020-07-12 12:01:52'),
	(226,24,'Miss Crystel Beier','Qui non ut saepe consequatur. Sed tempore excepturi reprehenderit voluptas voluptatem. Similique voluptas expedita repellendus.',1,'2020-07-12 12:01:52','2020-07-12 12:01:52'),
	(227,47,'Patrick Schmidt PhD','Perspiciatis et recusandae necessitatibus autem cupiditate autem consequatur. Sunt quaerat aut in doloremque provident. Ab maxime totam aut. Aut autem voluptas dolores voluptas vitae aut tempora.',3,'2020-07-12 12:01:52','2020-07-12 12:01:52'),
	(228,36,'D\'angelo Effertz','Alias voluptas quas culpa qui dolores et sint. Hic est facilis soluta velit quos et. Amet aut aperiam et assumenda beatae voluptatem.',1,'2020-07-12 12:01:52','2020-07-12 12:01:52'),
	(229,13,'Louvenia Rau','Est sit expedita doloremque excepturi. Maxime vitae blanditiis animi sed. Reprehenderit neque saepe dolorem. Ratione nostrum provident possimus quo illum dolorem rerum.',1,'2020-07-12 12:01:52','2020-07-12 12:01:52'),
	(230,5,'Carissa Nikolaus','Culpa magni beatae quis et debitis. Et ut nobis sunt. Consequatur delectus esse illum sapiente. Ut saepe voluptatem provident cumque deserunt ullam quasi debitis.',4,'2020-07-12 12:01:52','2020-07-12 12:01:52'),
	(231,21,'Arne Lockman IV','Maiores est enim possimus ipsam vel. Sit non dolores commodi est maiores reiciendis. Ut omnis dolor dolorem soluta.',1,'2020-07-12 12:01:52','2020-07-12 12:01:52'),
	(232,5,'Prof. Evelyn Turner MD','Sed et asperiores minus voluptatibus iure odit neque. Sunt quidem molestiae impedit. Et sapiente et id iste. Rerum qui occaecati quisquam aut doloribus minus.',3,'2020-07-12 12:01:52','2020-07-12 12:01:52'),
	(233,48,'Precious Jacobs','Debitis consectetur eos repellendus aut architecto. Dolor eum perferendis expedita. Rerum ut quos beatae voluptatem nihil maiores.',3,'2020-07-12 12:01:52','2020-07-12 12:01:52'),
	(234,26,'Tom Beahan','Eaque pariatur perferendis repellendus aut aut quisquam. Nemo qui nam eos occaecati. Quia non ut sit veniam. Sit nobis repudiandae eum voluptatum quia. Nobis neque cumque deleniti asperiores sint ducimus error commodi.',5,'2020-07-12 12:01:52','2020-07-12 12:01:52'),
	(235,42,'Prof. Lucius Quigley Sr.','Delectus facilis ut blanditiis alias. Atque et quod ipsa delectus.',4,'2020-07-12 12:01:52','2020-07-12 12:01:52'),
	(236,37,'Cicero O\'Hara','Sed sit non sit eos deleniti temporibus qui. Ex quae qui autem voluptatum. Consequatur et illo laudantium accusantium nobis enim. Temporibus suscipit id ut commodi ut saepe.',1,'2020-07-12 12:01:52','2020-07-12 12:01:52'),
	(237,7,'Dr. Shyann Lindgren','Aperiam velit vero est. Consequatur quisquam rerum et tempora voluptatibus et cupiditate.',5,'2020-07-12 12:01:52','2020-07-12 12:01:52'),
	(238,16,'Dr. Bessie Deckow','Asperiores sint incidunt nihil et maxime sequi animi et. Facilis nisi eius odit eos debitis vero consectetur. Ratione blanditiis laborum enim placeat quam labore exercitationem. Error ut nulla voluptatem earum impedit temporibus culpa.',2,'2020-07-12 12:01:52','2020-07-12 12:01:52'),
	(239,15,'Kraig Tillman','Repellendus impedit rem similique enim. Fugiat vitae ratione sed qui non illum. Consectetur exercitationem expedita cum aspernatur est. Excepturi autem nemo et voluptas sed dignissimos consequatur.',5,'2020-07-12 12:01:52','2020-07-12 12:01:52'),
	(240,26,'Lenora McLaughlin','Laborum et atque qui et. In quia omnis ut asperiores rerum officia. Vero sint expedita et facilis odit omnis blanditiis.',3,'2020-07-12 12:01:52','2020-07-12 12:01:52'),
	(241,4,'Bernardo Ebert','Nulla eligendi eius debitis dolore consectetur modi maiores. Exercitationem quibusdam atque dignissimos ut sint quis dolor. Dicta quia quia ut nihil perspiciatis dicta. Facere vel officiis dolore et perspiciatis.',3,'2020-07-12 12:01:52','2020-07-12 12:01:52'),
	(242,6,'Mrs. Brooklyn Torp','Quas quidem eos esse qui perferendis doloribus numquam. Blanditiis consequatur atque est et. Eveniet iste esse in iure doloribus aspernatur ipsam. Est dolorem deleniti eos et quo animi.',5,'2020-07-12 12:01:52','2020-07-12 12:01:52'),
	(243,47,'Kallie Kertzmann Jr.','Fugiat et nam saepe modi. Repellendus impedit facere itaque ea. Facilis voluptas alias officia velit sed nihil consequuntur ut.',5,'2020-07-12 12:01:52','2020-07-12 12:01:52'),
	(244,42,'Dayne Cassin','Est necessitatibus saepe esse beatae ipsa veniam quo explicabo. Ut pariatur voluptatem voluptas excepturi architecto enim. Molestias id ipsam corrupti et harum aut. Quas qui magni et non quam hic.',5,'2020-07-12 12:01:52','2020-07-12 12:01:52'),
	(245,31,'Dr. Demetris Robel MD','Molestias consequatur quidem quos dolorem asperiores labore adipisci. Voluptatum provident modi laudantium corporis aut nisi ullam sunt.',5,'2020-07-12 12:01:52','2020-07-12 12:01:52'),
	(246,8,'Prof. Elliott Dibbert','Pariatur fugiat et distinctio consequatur asperiores dignissimos corrupti. Sed sunt recusandae explicabo quisquam voluptatem est. Ipsum id non ipsum expedita earum repellat unde.',2,'2020-07-12 12:01:52','2020-07-12 12:01:52'),
	(247,47,'Emmalee Von','Veniam sed voluptas autem aliquid non temporibus dolores. Id quasi facere dolor dolor et iusto. Eligendi doloribus veniam voluptatem est laborum animi esse.',1,'2020-07-12 12:01:52','2020-07-12 12:01:52'),
	(248,3,'Helena Langworth','Placeat dolorem qui consequatur incidunt perspiciatis officia. Et molestias perspiciatis molestiae tenetur minus. Iusto officiis reiciendis doloremque occaecati est.',2,'2020-07-12 12:01:52','2020-07-12 12:01:52'),
	(249,18,'Adella Price','Est totam aspernatur sit sint vel assumenda nobis. Vel numquam sint iste eius necessitatibus. Qui vero quia possimus nulla ex commodi ipsum. Ducimus adipisci soluta et.',1,'2020-07-12 12:01:52','2020-07-12 12:01:52'),
	(250,19,'Bernadette Langworth','Sit et voluptatem voluptatem quis excepturi iure blanditiis. Maiores harum quisquam eaque at. Perspiciatis ex ad repellat hic doloremque omnis eos. Voluptatem voluptatibus aut vero iste tempore quo est.',4,'2020-07-12 12:01:52','2020-07-12 12:01:52'),
	(251,35,'Victoria Rath','Possimus perspiciatis excepturi accusamus repellendus. Quasi at et natus sunt. Labore id voluptatum quia odit enim quia provident.',3,'2020-07-12 12:01:52','2020-07-12 12:01:52'),
	(252,14,'Cecile Armstrong IV','Velit voluptatem sit vero amet culpa. Voluptatem quasi consequatur facilis mollitia tempore ex. Ea autem quos velit non sunt.',1,'2020-07-12 12:01:52','2020-07-12 12:01:52'),
	(253,15,'Dr. Makenna Rolfson','Repudiandae ratione ipsam qui vitae nesciunt laborum ex. Consequatur quia aut eaque sed veniam et. Adipisci rerum quia et minima placeat voluptas harum.',2,'2020-07-12 12:01:52','2020-07-12 12:01:52'),
	(254,3,'Abdiel Johns','Aut rem possimus molestias. Nam iure tempore illo nihil debitis perferendis cumque.',3,'2020-07-12 12:01:52','2020-07-12 12:01:52'),
	(255,39,'Emmet Greenholt','Aperiam nostrum sit aut est quaerat. In harum nisi voluptates quis. Minima repudiandae consequatur consequatur aperiam quas eius a. Ex minima laborum molestiae ipsa.',1,'2020-07-12 12:01:52','2020-07-12 12:01:52'),
	(256,5,'Carroll Moore DVM','Adipisci qui voluptas asperiores. Sapiente eum ab delectus vitae. Nihil ipsum quia quis enim eos modi rem. Consequatur nam similique molestiae impedit.',1,'2020-07-12 12:01:52','2020-07-12 12:01:52'),
	(257,1,'Carlo Larson V','Eligendi illo est voluptatem accusantium eligendi. Excepturi quasi aut odit nobis.',1,'2020-07-12 12:01:52','2020-07-12 12:01:52'),
	(258,3,'Ms. Alanna Nicolas II','Est nesciunt nobis et. Odit ut consequatur animi suscipit. Labore iusto ut voluptas aut quaerat omnis. Iure aliquid dolor quibusdam dolor fugiat nihil.',1,'2020-07-12 12:01:52','2020-07-12 12:01:52'),
	(259,48,'Hertha Schaefer','Quidem consequatur aut perferendis. Tempora animi a ut recusandae voluptatem asperiores consequuntur aperiam. Consectetur ut libero omnis. Aut ut ut laborum quae ut soluta tempora.',2,'2020-07-12 12:01:52','2020-07-12 12:01:52'),
	(260,16,'Ezekiel Wisoky DVM','Rem saepe esse aut. Id et voluptatum saepe reprehenderit.',2,'2020-07-12 12:01:52','2020-07-12 12:01:52'),
	(261,17,'Federico Cummings','Velit quisquam et sit consequuntur neque necessitatibus. Sit provident cumque natus aut a iste. Totam eligendi veritatis enim asperiores. Commodi at corrupti quia nobis velit quod.',1,'2020-07-12 12:01:52','2020-07-12 12:01:52'),
	(262,14,'Rickey Ryan','Totam incidunt quos id magnam accusantium. Voluptatibus voluptas quis blanditiis dignissimos quis animi odit. Sapiente voluptatibus ut suscipit sed incidunt illo velit.',4,'2020-07-12 12:01:52','2020-07-12 12:01:52'),
	(263,24,'Josiah Lindgren','Rerum et dolore occaecati totam ut est non. Perspiciatis dicta officia autem labore enim assumenda sed. Autem eum ducimus saepe optio voluptate odit.',4,'2020-07-12 12:01:52','2020-07-12 12:01:52'),
	(264,32,'Minerva Hermiston','Sit libero ut vel quis at iste in. Suscipit iure qui laborum illum. Cum velit sit et quae cupiditate itaque et.',4,'2020-07-12 12:01:52','2020-07-12 12:01:52'),
	(265,34,'Miss Marielle Kreiger IV','Et tempore et dignissimos dicta eos sed porro quasi. Commodi maxime id fugiat non et. Nostrum ut aut ea dolor.',2,'2020-07-12 12:01:52','2020-07-12 12:01:52'),
	(266,19,'Mrs. Mossie Goyette','Consequatur consectetur sit suscipit quaerat dolor ea. Ut laudantium odit exercitationem aut et tempora consequatur. Qui quia explicabo adipisci harum reprehenderit id consequatur.',3,'2020-07-12 12:01:52','2020-07-12 12:01:52'),
	(267,25,'Franz Stroman','Sequi praesentium voluptas ut. Repellat culpa architecto quia quis ducimus. Modi odit qui dicta molestiae ut. Inventore aliquam nam corrupti.',5,'2020-07-12 12:01:52','2020-07-12 12:01:52'),
	(268,26,'Madeline Langworth','Harum culpa ad facere molestias quod qui in tempore. Quo quas a dolore officia voluptas sit qui earum. Beatae libero id mollitia.',4,'2020-07-12 12:01:52','2020-07-12 12:01:52'),
	(269,17,'Tania Goyette','Optio quo nostrum error omnis non voluptatibus totam. Ipsa illum eos non alias. Facilis nobis dolore ullam. Vitae eum ipsum dolore enim.',4,'2020-07-12 12:01:52','2020-07-12 12:01:52'),
	(270,50,'Francisco Lindgren','Libero et quos quis perferendis. Repellat ut doloribus ipsum expedita rerum. Laudantium impedit qui perferendis.',2,'2020-07-12 12:01:52','2020-07-12 12:01:52'),
	(271,11,'Sonia Bins MD','Dolor repellat ad nemo ab soluta veritatis eligendi. Ea occaecati voluptatum nemo quo. Veniam quod molestias quia debitis ut autem.',2,'2020-07-12 12:01:52','2020-07-12 12:01:52'),
	(272,15,'Prof. Lance Dare','Architecto id deserunt est nesciunt laborum. Hic deserunt et amet accusantium. Fugiat aut illum enim sunt. Laborum iusto culpa in voluptates culpa quidem dolor.',5,'2020-07-12 12:01:52','2020-07-12 12:01:52'),
	(273,6,'Stevie VonRueden','Nihil aut sunt rerum beatae. Officiis nihil voluptas sint occaecati dignissimos. Dignissimos fuga laboriosam provident praesentium corrupti et accusantium. Sint quae quas voluptates aut eveniet.',3,'2020-07-12 12:01:52','2020-07-12 12:01:52'),
	(274,46,'Mr. Niko Lesch Jr.','Voluptatibus doloremque officiis ducimus et dolorem quibusdam quia. Recusandae non culpa rem quo.',3,'2020-07-12 12:01:52','2020-07-12 12:01:52'),
	(275,25,'Eino Sporer DVM','Qui perspiciatis atque soluta id. Recusandae autem cumque dolore sed et est. Aspernatur exercitationem labore voluptas consequatur voluptatem ut accusantium aperiam.',2,'2020-07-12 12:01:52','2020-07-12 12:01:52'),
	(276,11,'Mr. Dan Stracke','Esse qui officia temporibus est architecto. Quae magni non ex illo. Officiis mollitia et suscipit laudantium.',3,'2020-07-12 12:01:52','2020-07-12 12:01:52'),
	(277,16,'Ahmed Lind','Non dignissimos quo quae praesentium quis. Qui rem consequatur ipsum nisi recusandae eum non. Debitis iste eos quasi modi est ut. Asperiores aut aut error nihil. Architecto nesciunt quae dolorem nesciunt voluptas id.',5,'2020-07-12 12:01:52','2020-07-12 12:01:52'),
	(278,33,'Ms. Luisa Mills I','Incidunt beatae est et dignissimos excepturi ea at. Ullam dolorem tempore iure maiores dicta nobis recusandae.',4,'2020-07-12 12:01:52','2020-07-12 12:01:52'),
	(279,1,'Mrs. Marianna Sporer','Adipisci facere suscipit at maiores. Qui est non asperiores velit dolorum. Molestiae laudantium quaerat itaque velit ipsum. Repellat sapiente laborum voluptatibus magni.',3,'2020-07-12 12:01:52','2020-07-12 12:01:52'),
	(280,7,'Emmie Schiller V','Placeat et tenetur assumenda et quia voluptatem autem. Qui autem aliquam facere at dolores rem. Id est inventore quisquam a dolores sit corrupti.',5,'2020-07-12 12:01:52','2020-07-12 12:01:52'),
	(281,14,'Christine Emard','Eum quis repellendus et ut nihil incidunt. Quod aut reiciendis quo corrupti in non. Sed aut atque aut et cumque et quas.',3,'2020-07-12 12:01:52','2020-07-12 12:01:52'),
	(282,18,'Braeden Ryan','Laboriosam aliquid et eligendi ipsam qui aspernatur enim. Nobis optio voluptatibus sed voluptas repudiandae voluptas ut ipsum. Eum ut soluta deserunt qui.',3,'2020-07-12 12:01:52','2020-07-12 12:01:52'),
	(283,41,'Mr. August King','Aut optio voluptatem aut eos laborum. Repellendus aspernatur et laboriosam nihil est voluptas. Quia explicabo laborum alias ullam natus ducimus.',5,'2020-07-12 12:01:52','2020-07-12 12:01:52'),
	(284,5,'Calista Hudson','Non dolore quaerat velit. Qui nihil inventore dolore pariatur illo autem. Consequuntur labore molestiae accusantium asperiores.',5,'2020-07-12 12:01:52','2020-07-12 12:01:52'),
	(285,31,'Kaylie Beer','Non tenetur reiciendis quis atque aut libero rem. Maiores sequi veritatis quae voluptatibus. Quia voluptates quia eius sunt laudantium. Amet debitis recusandae ut magni maiores repudiandae iure voluptatem.',3,'2020-07-12 12:01:52','2020-07-12 12:01:52'),
	(286,25,'Antonette Glover Sr.','Sed recusandae sit dolorem dignissimos occaecati. Velit sint voluptatem ab dolores doloribus est aspernatur.',3,'2020-07-12 12:01:52','2020-07-12 12:01:52'),
	(287,40,'Lizzie Frami V','Maxime illo enim quia qui. Quasi aperiam et et et qui. Quia error sit consequatur quia. At eos quia occaecati et eos. Vitae sit ad vel ut earum quam nulla.',3,'2020-07-12 12:01:52','2020-07-12 12:01:52'),
	(288,35,'Precious Hill','Tenetur architecto nihil quis aut vel ex vitae. Possimus est eius velit nesciunt quos a sunt. Quos eum commodi ea officia ut qui velit.',4,'2020-07-12 12:01:52','2020-07-12 12:01:52'),
	(289,12,'Arne Cummerata','Aut officiis et quis eos et eum odio qui. Iure molestiae consequatur ipsa sed. Earum iure ut labore saepe dolores quo. Veniam est hic esse consequatur sed vero consequatur.',5,'2020-07-12 12:01:52','2020-07-12 12:01:52'),
	(290,8,'Mya Breitenberg','Dolores doloribus nam alias exercitationem dolorum. Voluptatem qui eum voluptatem. Voluptas aspernatur quod necessitatibus qui omnis.',1,'2020-07-12 12:01:52','2020-07-12 12:01:52'),
	(291,11,'Dr. Kadin McGlynn','Similique eius sit voluptatum consequatur. Vitae aperiam laboriosam quis illum qui facilis veritatis. Id consequatur accusantium ut praesentium. Eaque iure non quam pariatur illum nesciunt et.',3,'2020-07-12 12:01:52','2020-07-12 12:01:52'),
	(292,6,'Jessyca Dach','Voluptatibus ea dolorem nesciunt natus molestiae ipsa qui. Aut delectus aut voluptatem amet velit aliquid laboriosam. Nemo blanditiis reiciendis labore ipsam voluptatem omnis. Commodi deserunt velit totam ex quod autem voluptas. Accusantium est quo rem facere nihil sunt ab.',5,'2020-07-12 12:01:52','2020-07-12 12:01:52'),
	(293,41,'Jameson Kulas','Dolore laboriosam debitis facilis temporibus. Voluptas sunt repudiandae ea laudantium et. Voluptas beatae ut aut ut debitis amet earum. Ut quia illo nihil incidunt.',5,'2020-07-12 12:01:52','2020-07-12 12:01:52'),
	(294,14,'Doug Emmerich Sr.','Et quos non laudantium earum iusto error sunt. Nisi illo velit atque accusantium qui enim. Atque ut provident eos et aliquam.',1,'2020-07-12 12:01:52','2020-07-12 12:01:52'),
	(295,20,'Cleo Bauch PhD','Voluptatum quae atque dolorum quis suscipit ullam perferendis est. Sit odio ut consectetur voluptatibus est commodi rerum. Aut aut labore saepe fugiat consequuntur repudiandae. Ea ipsam earum culpa voluptas aspernatur non.',2,'2020-07-12 12:01:52','2020-07-12 12:01:52'),
	(296,45,'Skyla Prosacco','Tempore tenetur repellat modi reprehenderit adipisci sunt. Deleniti maiores modi eligendi rerum sed ea. Et ducimus corrupti temporibus harum facilis velit.',4,'2020-07-12 12:01:52','2020-07-12 12:01:52'),
	(297,34,'Katarina Champlin','Quo sit molestias illo perferendis aut quam officia. Velit quia dignissimos velit quibusdam blanditiis. In nam itaque est.',3,'2020-07-12 12:01:52','2020-07-12 12:01:52'),
	(298,16,'Marques Maggio DDS','Ea assumenda mollitia dicta sequi. Commodi veritatis et id debitis. Atque quibusdam velit ab culpa eos. Facilis qui placeat dignissimos sunt dolores veritatis hic.',3,'2020-07-12 12:01:52','2020-07-12 12:01:52'),
	(299,1,'Anderson Pacocha','Impedit accusantium rerum sint. Occaecati quis eius quaerat vitae tempora ut minima et. Vitae sunt et omnis est dolorem. Officia soluta id non doloremque ipsa.',5,'2020-07-12 12:01:52','2020-07-12 12:01:52'),
	(300,2,'Jena Skiles','Sit iste sed neque eligendi veritatis assumenda. Est placeat alias et similique. Minima reprehenderit libero consequuntur alias voluptatem. Ab quisquam delectus facilis occaecati quos.',5,'2020-07-12 12:01:52','2020-07-12 12:01:52');

/*!40000 ALTER TABLE `reviews` ENABLE KEYS */;
UNLOCK TABLES;


# Export von Tabelle users
# ------------------------------------------------------------

DROP TABLE IF EXISTS `users`;

CREATE TABLE `users` (
  `id` bigint(20) unsigned NOT NULL AUTO_INCREMENT,
  `name` varchar(255) COLLATE utf8mb4_unicode_ci NOT NULL,
  `email` varchar(255) COLLATE utf8mb4_unicode_ci NOT NULL,
  `email_verified_at` timestamp NULL DEFAULT NULL,
  `password` varchar(255) COLLATE utf8mb4_unicode_ci NOT NULL,
  `remember_token` varchar(100) COLLATE utf8mb4_unicode_ci DEFAULT NULL,
  `created_at` timestamp NULL DEFAULT NULL,
  `updated_at` timestamp NULL DEFAULT NULL,
  PRIMARY KEY (`id`),
  UNIQUE KEY `users_email_unique` (`email`)
) ENGINE=InnoDB DEFAULT CHARSET=utf8mb4 COLLATE=utf8mb4_unicode_ci;




/*!40111 SET SQL_NOTES=@OLD_SQL_NOTES */;
/*!40101 SET SQL_MODE=@OLD_SQL_MODE */;
/*!40014 SET FOREIGN_KEY_CHECKS=@OLD_FOREIGN_KEY_CHECKS */;
/*!40101 SET CHARACTER_SET_CLIENT=@OLD_CHARACTER_SET_CLIENT */;
/*!40101 SET CHARACTER_SET_RESULTS=@OLD_CHARACTER_SET_RESULTS */;
/*!40101 SET COLLATION_CONNECTION=@OLD_COLLATION_CONNECTION */;
